EVGEN/EXCLUSIVE/DIFFRACTIVE_PHI_ABCONV/Sartre/Incoherent/sartre_bnonsat_Au_phi_ab_eAu_1_000.hepmc.gz,10000,13
EVGEN/EXCLUSIVE/DIFFRACTIVE_PHI_ABCONV/Sartre/Incoherent/sartre_bnonsat_Au_phi_ab_eAu_1_001.hepmc.gz,10000,13
EVGEN/EXCLUSIVE/DIFFRACTIVE_PHI_ABCONV/Sartre/Incoherent/sartre_bnonsat_Au_phi_ab_eAu_1_002.hepmc.gz,10000,13
EVGEN/EXCLUSIVE/DIFFRACTIVE_PHI_ABCONV/Sartre/Incoherent/sartre_bnonsat_Au_phi_ab_eAu_1_003.hepmc.gz,10000,13
EVGEN/EXCLUSIVE/DIFFRACTIVE_PHI_ABCONV/Sartre/Incoherent/sartre_bnonsat_Au_phi_ab_eAu_1_004.hepmc.gz,10000,13
EVGEN/EXCLUSIVE/DIFFRACTIVE_PHI_ABCONV/Sartre/Incoherent/sartre_bnonsat_Au_phi_ab_eAu_1_005.hepmc.gz,10000,13
EVGEN/EXCLUSIVE/DIFFRACTIVE_PHI_ABCONV/Sartre/Incoherent/sartre_bnonsat_Au_phi_ab_eAu_1_006.hepmc.gz,10000,13
EVGEN/EXCLUSIVE/DIFFRACTIVE_PHI_ABCONV/Sartre/Incoherent/sartre_bnonsat_Au_phi_ab_eAu_1_007.hepmc.gz,10000,13
EVGEN/EXCLUSIVE/DIFFRACTIVE_PHI_ABCONV/Sartre/Incoherent/sartre_bnonsat_Au_phi_ab_eAu_1_008.hepmc.gz,10000,13
EVGEN/EXCLUSIVE/DIFFRACTIVE_PHI_ABCONV/Sartre/Incoherent/sartre_bnonsat_Au_phi_ab_eAu_1_009.hepmc.gz,10000,13
EVGEN/EXCLUSIVE/DIFFRACTIVE_PHI_ABCONV/Sartre/Incoherent/sartre_bnonsat_Au_phi_ab_eAu_1_010.hepmc.gz,10000,13
EVGEN/EXCLUSIVE/DIFFRACTIVE_PHI_ABCONV/Sartre/Incoherent/sartre_bnonsat_Au_phi_ab_eAu_1_011.hepmc.gz,10000,13
EVGEN/EXCLUSIVE/DIFFRACTIVE_PHI_ABCONV/Sartre/Incoherent/sartre_bnonsat_Au_phi_ab_eAu_1_012.hepmc.gz,10000,13
EVGEN/EXCLUSIVE/DIFFRACTIVE_PHI_ABCONV/Sartre/Incoherent/sartre_bnonsat_Au_phi_ab_eAu_1_013.hepmc.gz,10000,13
EVGEN/EXCLUSIVE/DIFFRACTIVE_PHI_ABCONV/Sartre/Incoherent/sartre_bnonsat_Au_phi_ab_eAu_1_014.hepmc.gz,10000,13
EVGEN/EXCLUSIVE/DIFFRACTIVE_PHI_ABCONV/Sartre/Incoherent/sartre_bnonsat_Au_phi_ab_eAu_1_015.hepmc.gz,10000,13
EVGEN/EXCLUSIVE/DIFFRACTIVE_PHI_ABCONV/Sartre/Incoherent/sartre_bnonsat_Au_phi_ab_eAu_1_016.hepmc.gz,10000,13
EVGEN/EXCLUSIVE/DIFFRACTIVE_PHI_ABCONV/Sartre/Incoherent/sartre_bnonsat_Au_phi_ab_eAu_1_017.hepmc.gz,10000,13
EVGEN/EXCLUSIVE/DIFFRACTIVE_PHI_ABCONV/Sartre/Incoherent/sartre_bnonsat_Au_phi_ab_eAu_1_018.hepmc.gz,10000,13
EVGEN/EXCLUSIVE/DIFFRACTIVE_PHI_ABCONV/Sartre/Incoherent/sartre_bnonsat_Au_phi_ab_eAu_1_019.hepmc.gz,10000,13
EVGEN/EXCLUSIVE/DIFFRACTIVE_PHI_ABCONV/Sartre/Incoherent/sartre_bnonsat_Au_phi_ab_eAu_1_020.hepmc.gz,10000,13
EVGEN/EXCLUSIVE/DIFFRACTIVE_PHI_ABCONV/Sartre/Incoherent/sartre_bnonsat_Au_phi_ab_eAu_1_021.hepmc.gz,10000,13
EVGEN/EXCLUSIVE/DIFFRACTIVE_PHI_ABCONV/Sartre/Incoherent/sartre_bnonsat_Au_phi_ab_eAu_1_022.hepmc.gz,10000,13
EVGEN/EXCLUSIVE/DIFFRACTIVE_PHI_ABCONV/Sartre/Incoherent/sartre_bnonsat_Au_phi_ab_eAu_1_023.hepmc.gz,10000,13
EVGEN/EXCLUSIVE/DIFFRACTIVE_PHI_ABCONV/Sartre/Incoherent/sartre_bnonsat_Au_phi_ab_eAu_1_024.hepmc.gz,10000,13
EVGEN/EXCLUSIVE/DIFFRACTIVE_PHI_ABCONV/Sartre/Incoherent/sartre_bnonsat_Au_phi_ab_eAu_1_025.hepmc.gz,10000,13
EVGEN/EXCLUSIVE/DIFFRACTIVE_PHI_ABCONV/Sartre/Incoherent/sartre_bnonsat_Au_phi_ab_eAu_1_026.hepmc.gz,10000,13
EVGEN/EXCLUSIVE/DIFFRACTIVE_PHI_ABCONV/Sartre/Incoherent/sartre_bnonsat_Au_phi_ab_eAu_1_027.hepmc.gz,10000,13
EVGEN/EXCLUSIVE/DIFFRACTIVE_PHI_ABCONV/Sartre/Incoherent/sartre_bnonsat_Au_phi_ab_eAu_1_028.hepmc.gz,10000,13
EVGEN/EXCLUSIVE/DIFFRACTIVE_PHI_ABCONV/Sartre/Incoherent/sartre_bnonsat_Au_phi_ab_eAu_1_029.hepmc.gz,10000,13
EVGEN/EXCLUSIVE/DIFFRACTIVE_PHI_ABCONV/Sartre/Incoherent/sartre_bnonsat_Au_phi_ab_eAu_1_030.hepmc.gz,10000,13
EVGEN/EXCLUSIVE/DIFFRACTIVE_PHI_ABCONV/Sartre/Incoherent/sartre_bnonsat_Au_phi_ab_eAu_1_031.hepmc.gz,10000,13
EVGEN/EXCLUSIVE/DIFFRACTIVE_PHI_ABCONV/Sartre/Incoherent/sartre_bnonsat_Au_phi_ab_eAu_1_032.hepmc.gz,10000,13
EVGEN/EXCLUSIVE/DIFFRACTIVE_PHI_ABCONV/Sartre/Incoherent/sartre_bnonsat_Au_phi_ab_eAu_1_033.hepmc.gz,10000,13
EVGEN/EXCLUSIVE/DIFFRACTIVE_PHI_ABCONV/Sartre/Incoherent/sartre_bnonsat_Au_phi_ab_eAu_1_034.hepmc.gz,10000,13
EVGEN/EXCLUSIVE/DIFFRACTIVE_PHI_ABCONV/Sartre/Incoherent/sartre_bnonsat_Au_phi_ab_eAu_1_035.hepmc.gz,10000,13
EVGEN/EXCLUSIVE/DIFFRACTIVE_PHI_ABCONV/Sartre/Incoherent/sartre_bnonsat_Au_phi_ab_eAu_1_036.hepmc.gz,10000,13
EVGEN/EXCLUSIVE/DIFFRACTIVE_PHI_ABCONV/Sartre/Incoherent/sartre_bnonsat_Au_phi_ab_eAu_1_037.hepmc.gz,10000,13
EVGEN/EXCLUSIVE/DIFFRACTIVE_PHI_ABCONV/Sartre/Incoherent/sartre_bnonsat_Au_phi_ab_eAu_1_038.hepmc.gz,10000,13
EVGEN/EXCLUSIVE/DIFFRACTIVE_PHI_ABCONV/Sartre/Incoherent/sartre_bnonsat_Au_phi_ab_eAu_1_039.hepmc.gz,10000,13
EVGEN/EXCLUSIVE/DIFFRACTIVE_PHI_ABCONV/Sartre/Incoherent/sartre_bnonsat_Au_phi_ab_eAu_1_040.hepmc.gz,10000,13
EVGEN/EXCLUSIVE/DIFFRACTIVE_PHI_ABCONV/Sartre/Incoherent/sartre_bnonsat_Au_phi_ab_eAu_1_041.hepmc.gz,10000,13
EVGEN/EXCLUSIVE/DIFFRACTIVE_PHI_ABCONV/Sartre/Incoherent/sartre_bnonsat_Au_phi_ab_eAu_1_042.hepmc.gz,10000,13
EVGEN/EXCLUSIVE/DIFFRACTIVE_PHI_ABCONV/Sartre/Incoherent/sartre_bnonsat_Au_phi_ab_eAu_1_043.hepmc.gz,10000,13
EVGEN/EXCLUSIVE/DIFFRACTIVE_PHI_ABCONV/Sartre/Incoherent/sartre_bnonsat_Au_phi_ab_eAu_1_044.hepmc.gz,10000,13
EVGEN/EXCLUSIVE/DIFFRACTIVE_PHI_ABCONV/Sartre/Incoherent/sartre_bnonsat_Au_phi_ab_eAu_1_045.hepmc.gz,10000,13
EVGEN/EXCLUSIVE/DIFFRACTIVE_PHI_ABCONV/Sartre/Incoherent/sartre_bnonsat_Au_phi_ab_eAu_1_046.hepmc.gz,10000,13
EVGEN/EXCLUSIVE/DIFFRACTIVE_PHI_ABCONV/Sartre/Incoherent/sartre_bnonsat_Au_phi_ab_eAu_1_047.hepmc.gz,10000,13
EVGEN/EXCLUSIVE/DIFFRACTIVE_PHI_ABCONV/Sartre/Incoherent/sartre_bnonsat_Au_phi_ab_eAu_1_048.hepmc.gz,10000,13
EVGEN/EXCLUSIVE/DIFFRACTIVE_PHI_ABCONV/Sartre/Incoherent/sartre_bnonsat_Au_phi_ab_eAu_1_049.hepmc.gz,10000,13
EVGEN/EXCLUSIVE/DIFFRACTIVE_PHI_ABCONV/Sartre/Incoherent/sartre_bnonsat_Au_phi_ab_eAu_1_050.hepmc.gz,10000,13
EVGEN/EXCLUSIVE/DIFFRACTIVE_PHI_ABCONV/Sartre/Incoherent/sartre_bnonsat_Au_phi_ab_eAu_1_051.hepmc.gz,10000,13
EVGEN/EXCLUSIVE/DIFFRACTIVE_PHI_ABCONV/Sartre/Incoherent/sartre_bnonsat_Au_phi_ab_eAu_1_052.hepmc.gz,10000,13
EVGEN/EXCLUSIVE/DIFFRACTIVE_PHI_ABCONV/Sartre/Incoherent/sartre_bnonsat_Au_phi_ab_eAu_1_053.hepmc.gz,10000,13
EVGEN/EXCLUSIVE/DIFFRACTIVE_PHI_ABCONV/Sartre/Incoherent/sartre_bnonsat_Au_phi_ab_eAu_1_054.hepmc.gz,10000,13
EVGEN/EXCLUSIVE/DIFFRACTIVE_PHI_ABCONV/Sartre/Incoherent/sartre_bnonsat_Au_phi_ab_eAu_1_055.hepmc.gz,10000,13
EVGEN/EXCLUSIVE/DIFFRACTIVE_PHI_ABCONV/Sartre/Incoherent/sartre_bnonsat_Au_phi_ab_eAu_1_056.hepmc.gz,10000,13
EVGEN/EXCLUSIVE/DIFFRACTIVE_PHI_ABCONV/Sartre/Incoherent/sartre_bnonsat_Au_phi_ab_eAu_1_057.hepmc.gz,10000,13
EVGEN/EXCLUSIVE/DIFFRACTIVE_PHI_ABCONV/Sartre/Incoherent/sartre_bnonsat_Au_phi_ab_eAu_1_058.hepmc.gz,10000,13
EVGEN/EXCLUSIVE/DIFFRACTIVE_PHI_ABCONV/Sartre/Incoherent/sartre_bnonsat_Au_phi_ab_eAu_1_059.hepmc.gz,10000,13
EVGEN/EXCLUSIVE/DIFFRACTIVE_PHI_ABCONV/Sartre/Incoherent/sartre_bnonsat_Au_phi_ab_eAu_1_060.hepmc.gz,10000,13
EVGEN/EXCLUSIVE/DIFFRACTIVE_PHI_ABCONV/Sartre/Incoherent/sartre_bnonsat_Au_phi_ab_eAu_1_061.hepmc.gz,10000,13
EVGEN/EXCLUSIVE/DIFFRACTIVE_PHI_ABCONV/Sartre/Incoherent/sartre_bnonsat_Au_phi_ab_eAu_1_062.hepmc.gz,10000,13
EVGEN/EXCLUSIVE/DIFFRACTIVE_PHI_ABCONV/Sartre/Incoherent/sartre_bnonsat_Au_phi_ab_eAu_1_063.hepmc.gz,10000,13
EVGEN/EXCLUSIVE/DIFFRACTIVE_PHI_ABCONV/Sartre/Incoherent/sartre_bnonsat_Au_phi_ab_eAu_1_064.hepmc.gz,10000,13
EVGEN/EXCLUSIVE/DIFFRACTIVE_PHI_ABCONV/Sartre/Incoherent/sartre_bnonsat_Au_phi_ab_eAu_1_065.hepmc.gz,10000,13
EVGEN/EXCLUSIVE/DIFFRACTIVE_PHI_ABCONV/Sartre/Incoherent/sartre_bnonsat_Au_phi_ab_eAu_1_066.hepmc.gz,10000,13
EVGEN/EXCLUSIVE/DIFFRACTIVE_PHI_ABCONV/Sartre/Incoherent/sartre_bnonsat_Au_phi_ab_eAu_1_067.hepmc.gz,10000,13
EVGEN/EXCLUSIVE/DIFFRACTIVE_PHI_ABCONV/Sartre/Incoherent/sartre_bnonsat_Au_phi_ab_eAu_1_068.hepmc.gz,10000,13
EVGEN/EXCLUSIVE/DIFFRACTIVE_PHI_ABCONV/Sartre/Incoherent/sartre_bnonsat_Au_phi_ab_eAu_1_069.hepmc.gz,10000,13
EVGEN/EXCLUSIVE/DIFFRACTIVE_PHI_ABCONV/Sartre/Incoherent/sartre_bnonsat_Au_phi_ab_eAu_1_070.hepmc.gz,10000,13
EVGEN/EXCLUSIVE/DIFFRACTIVE_PHI_ABCONV/Sartre/Incoherent/sartre_bnonsat_Au_phi_ab_eAu_1_071.hepmc.gz,10000,13
EVGEN/EXCLUSIVE/DIFFRACTIVE_PHI_ABCONV/Sartre/Incoherent/sartre_bnonsat_Au_phi_ab_eAu_1_072.hepmc.gz,10000,13
EVGEN/EXCLUSIVE/DIFFRACTIVE_PHI_ABCONV/Sartre/Incoherent/sartre_bnonsat_Au_phi_ab_eAu_1_073.hepmc.gz,10000,13
EVGEN/EXCLUSIVE/DIFFRACTIVE_PHI_ABCONV/Sartre/Incoherent/sartre_bnonsat_Au_phi_ab_eAu_1_074.hepmc.gz,10000,13
EVGEN/EXCLUSIVE/DIFFRACTIVE_PHI_ABCONV/Sartre/Incoherent/sartre_bnonsat_Au_phi_ab_eAu_1_075.hepmc.gz,10000,13
EVGEN/EXCLUSIVE/DIFFRACTIVE_PHI_ABCONV/Sartre/Incoherent/sartre_bnonsat_Au_phi_ab_eAu_1_076.hepmc.gz,10000,13
EVGEN/EXCLUSIVE/DIFFRACTIVE_PHI_ABCONV/Sartre/Incoherent/sartre_bnonsat_Au_phi_ab_eAu_1_077.hepmc.gz,10000,13
EVGEN/EXCLUSIVE/DIFFRACTIVE_PHI_ABCONV/Sartre/Incoherent/sartre_bnonsat_Au_phi_ab_eAu_1_078.hepmc.gz,10000,13
EVGEN/EXCLUSIVE/DIFFRACTIVE_PHI_ABCONV/Sartre/Incoherent/sartre_bnonsat_Au_phi_ab_eAu_1_079.hepmc.gz,10000,13
EVGEN/EXCLUSIVE/DIFFRACTIVE_PHI_ABCONV/Sartre/Incoherent/sartre_bnonsat_Au_phi_ab_eAu_1_080.hepmc.gz,10000,13
EVGEN/EXCLUSIVE/DIFFRACTIVE_PHI_ABCONV/Sartre/Incoherent/sartre_bnonsat_Au_phi_ab_eAu_1_081.hepmc.gz,10000,13
EVGEN/EXCLUSIVE/DIFFRACTIVE_PHI_ABCONV/Sartre/Incoherent/sartre_bnonsat_Au_phi_ab_eAu_1_082.hepmc.gz,10000,13
EVGEN/EXCLUSIVE/DIFFRACTIVE_PHI_ABCONV/Sartre/Incoherent/sartre_bnonsat_Au_phi_ab_eAu_1_083.hepmc.gz,10000,13
EVGEN/EXCLUSIVE/DIFFRACTIVE_PHI_ABCONV/Sartre/Incoherent/sartre_bnonsat_Au_phi_ab_eAu_1_084.hepmc.gz,10000,13
EVGEN/EXCLUSIVE/DIFFRACTIVE_PHI_ABCONV/Sartre/Incoherent/sartre_bnonsat_Au_phi_ab_eAu_1_085.hepmc.gz,10000,13
EVGEN/EXCLUSIVE/DIFFRACTIVE_PHI_ABCONV/Sartre/Incoherent/sartre_bnonsat_Au_phi_ab_eAu_1_086.hepmc.gz,10000,13
EVGEN/EXCLUSIVE/DIFFRACTIVE_PHI_ABCONV/Sartre/Incoherent/sartre_bnonsat_Au_phi_ab_eAu_1_087.hepmc.gz,10000,13
EVGEN/EXCLUSIVE/DIFFRACTIVE_PHI_ABCONV/Sartre/Incoherent/sartre_bnonsat_Au_phi_ab_eAu_1_088.hepmc.gz,10000,13
EVGEN/EXCLUSIVE/DIFFRACTIVE_PHI_ABCONV/Sartre/Incoherent/sartre_bnonsat_Au_phi_ab_eAu_1_089.hepmc.gz,10000,13
EVGEN/EXCLUSIVE/DIFFRACTIVE_PHI_ABCONV/Sartre/Incoherent/sartre_bnonsat_Au_phi_ab_eAu_1_090.hepmc.gz,10000,13
EVGEN/EXCLUSIVE/DIFFRACTIVE_PHI_ABCONV/Sartre/Incoherent/sartre_bnonsat_Au_phi_ab_eAu_1_091.hepmc.gz,10000,13
EVGEN/EXCLUSIVE/DIFFRACTIVE_PHI_ABCONV/Sartre/Incoherent/sartre_bnonsat_Au_phi_ab_eAu_1_092.hepmc.gz,10000,13
EVGEN/EXCLUSIVE/DIFFRACTIVE_PHI_ABCONV/Sartre/Incoherent/sartre_bnonsat_Au_phi_ab_eAu_1_093.hepmc.gz,10000,13
EVGEN/EXCLUSIVE/DIFFRACTIVE_PHI_ABCONV/Sartre/Incoherent/sartre_bnonsat_Au_phi_ab_eAu_1_094.hepmc.gz,10000,13
EVGEN/EXCLUSIVE/DIFFRACTIVE_PHI_ABCONV/Sartre/Incoherent/sartre_bnonsat_Au_phi_ab_eAu_1_095.hepmc.gz,10000,13
EVGEN/EXCLUSIVE/DIFFRACTIVE_PHI_ABCONV/Sartre/Incoherent/sartre_bnonsat_Au_phi_ab_eAu_1_096.hepmc.gz,10000,13
EVGEN/EXCLUSIVE/DIFFRACTIVE_PHI_ABCONV/Sartre/Incoherent/sartre_bnonsat_Au_phi_ab_eAu_1_097.hepmc.gz,10000,13
EVGEN/EXCLUSIVE/DIFFRACTIVE_PHI_ABCONV/Sartre/Incoherent/sartre_bnonsat_Au_phi_ab_eAu_1_098.hepmc.gz,10000,13
EVGEN/EXCLUSIVE/DIFFRACTIVE_PHI_ABCONV/Sartre/Incoherent/sartre_bnonsat_Au_phi_ab_eAu_1_099.hepmc.gz,10000,13
EVGEN/EXCLUSIVE/DIFFRACTIVE_PHI_ABCONV/Sartre/Incoherent/sartre_bnonsat_Au_phi_ab_eAu_1_100.hepmc.gz,10000,13
EVGEN/EXCLUSIVE/DIFFRACTIVE_PHI_ABCONV/Sartre/Incoherent/sartre_bnonsat_Au_phi_ab_eAu_1_101.hepmc.gz,10000,13
EVGEN/EXCLUSIVE/DIFFRACTIVE_PHI_ABCONV/Sartre/Incoherent/sartre_bnonsat_Au_phi_ab_eAu_1_102.hepmc.gz,10000,13
EVGEN/EXCLUSIVE/DIFFRACTIVE_PHI_ABCONV/Sartre/Incoherent/sartre_bnonsat_Au_phi_ab_eAu_1_103.hepmc.gz,10000,13
EVGEN/EXCLUSIVE/DIFFRACTIVE_PHI_ABCONV/Sartre/Incoherent/sartre_bnonsat_Au_phi_ab_eAu_1_104.hepmc.gz,10000,13
EVGEN/EXCLUSIVE/DIFFRACTIVE_PHI_ABCONV/Sartre/Incoherent/sartre_bnonsat_Au_phi_ab_eAu_1_105.hepmc.gz,10000,13
EVGEN/EXCLUSIVE/DIFFRACTIVE_PHI_ABCONV/Sartre/Incoherent/sartre_bnonsat_Au_phi_ab_eAu_1_106.hepmc.gz,10000,13
EVGEN/EXCLUSIVE/DIFFRACTIVE_PHI_ABCONV/Sartre/Incoherent/sartre_bnonsat_Au_phi_ab_eAu_1_107.hepmc.gz,10000,13
EVGEN/EXCLUSIVE/DIFFRACTIVE_PHI_ABCONV/Sartre/Incoherent/sartre_bnonsat_Au_phi_ab_eAu_1_108.hepmc.gz,10000,13
EVGEN/EXCLUSIVE/DIFFRACTIVE_PHI_ABCONV/Sartre/Incoherent/sartre_bnonsat_Au_phi_ab_eAu_1_109.hepmc.gz,10000,13
EVGEN/EXCLUSIVE/DIFFRACTIVE_PHI_ABCONV/Sartre/Incoherent/sartre_bnonsat_Au_phi_ab_eAu_1_110.hepmc.gz,10000,13
EVGEN/EXCLUSIVE/DIFFRACTIVE_PHI_ABCONV/Sartre/Incoherent/sartre_bnonsat_Au_phi_ab_eAu_1_111.hepmc.gz,10000,13
EVGEN/EXCLUSIVE/DIFFRACTIVE_PHI_ABCONV/Sartre/Incoherent/sartre_bnonsat_Au_phi_ab_eAu_1_112.hepmc.gz,10000,13
EVGEN/EXCLUSIVE/DIFFRACTIVE_PHI_ABCONV/Sartre/Incoherent/sartre_bnonsat_Au_phi_ab_eAu_1_113.hepmc.gz,10000,13
EVGEN/EXCLUSIVE/DIFFRACTIVE_PHI_ABCONV/Sartre/Incoherent/sartre_bnonsat_Au_phi_ab_eAu_1_114.hepmc.gz,10000,13
EVGEN/EXCLUSIVE/DIFFRACTIVE_PHI_ABCONV/Sartre/Incoherent/sartre_bnonsat_Au_phi_ab_eAu_1_115.hepmc.gz,10000,13
EVGEN/EXCLUSIVE/DIFFRACTIVE_PHI_ABCONV/Sartre/Incoherent/sartre_bnonsat_Au_phi_ab_eAu_1_116.hepmc.gz,10000,13
EVGEN/EXCLUSIVE/DIFFRACTIVE_PHI_ABCONV/Sartre/Incoherent/sartre_bnonsat_Au_phi_ab_eAu_1_117.hepmc.gz,10000,13
EVGEN/EXCLUSIVE/DIFFRACTIVE_PHI_ABCONV/Sartre/Incoherent/sartre_bnonsat_Au_phi_ab_eAu_1_118.hepmc.gz,10000,13
EVGEN/EXCLUSIVE/DIFFRACTIVE_PHI_ABCONV/Sartre/Incoherent/sartre_bnonsat_Au_phi_ab_eAu_1_119.hepmc.gz,10000,13
EVGEN/EXCLUSIVE/DIFFRACTIVE_PHI_ABCONV/Sartre/Incoherent/sartre_bnonsat_Au_phi_ab_eAu_1_120.hepmc.gz,10000,13
EVGEN/EXCLUSIVE/DIFFRACTIVE_PHI_ABCONV/Sartre/Incoherent/sartre_bnonsat_Au_phi_ab_eAu_1_121.hepmc.gz,10000,13
EVGEN/EXCLUSIVE/DIFFRACTIVE_PHI_ABCONV/Sartre/Incoherent/sartre_bnonsat_Au_phi_ab_eAu_1_122.hepmc.gz,10000,13
EVGEN/EXCLUSIVE/DIFFRACTIVE_PHI_ABCONV/Sartre/Incoherent/sartre_bnonsat_Au_phi_ab_eAu_1_123.hepmc.gz,10000,13
EVGEN/EXCLUSIVE/DIFFRACTIVE_PHI_ABCONV/Sartre/Incoherent/sartre_bnonsat_Au_phi_ab_eAu_1_124.hepmc.gz,10000,13
EVGEN/EXCLUSIVE/DIFFRACTIVE_PHI_ABCONV/Sartre/Incoherent/sartre_bnonsat_Au_phi_ab_eAu_1_125.hepmc.gz,10000,13
EVGEN/EXCLUSIVE/DIFFRACTIVE_PHI_ABCONV/Sartre/Incoherent/sartre_bnonsat_Au_phi_ab_eAu_1_126.hepmc.gz,10000,13
EVGEN/EXCLUSIVE/DIFFRACTIVE_PHI_ABCONV/Sartre/Incoherent/sartre_bnonsat_Au_phi_ab_eAu_1_127.hepmc.gz,10000,13
EVGEN/EXCLUSIVE/DIFFRACTIVE_PHI_ABCONV/Sartre/Incoherent/sartre_bnonsat_Au_phi_ab_eAu_1_128.hepmc.gz,10000,13
EVGEN/EXCLUSIVE/DIFFRACTIVE_PHI_ABCONV/Sartre/Incoherent/sartre_bnonsat_Au_phi_ab_eAu_1_129.hepmc.gz,10000,13
EVGEN/EXCLUSIVE/DIFFRACTIVE_PHI_ABCONV/Sartre/Incoherent/sartre_bnonsat_Au_phi_ab_eAu_1_130.hepmc.gz,10000,13
EVGEN/EXCLUSIVE/DIFFRACTIVE_PHI_ABCONV/Sartre/Incoherent/sartre_bnonsat_Au_phi_ab_eAu_1_131.hepmc.gz,10000,13
EVGEN/EXCLUSIVE/DIFFRACTIVE_PHI_ABCONV/Sartre/Incoherent/sartre_bnonsat_Au_phi_ab_eAu_1_132.hepmc.gz,10000,13
EVGEN/EXCLUSIVE/DIFFRACTIVE_PHI_ABCONV/Sartre/Incoherent/sartre_bnonsat_Au_phi_ab_eAu_1_133.hepmc.gz,10000,13
EVGEN/EXCLUSIVE/DIFFRACTIVE_PHI_ABCONV/Sartre/Incoherent/sartre_bnonsat_Au_phi_ab_eAu_1_134.hepmc.gz,10000,13
EVGEN/EXCLUSIVE/DIFFRACTIVE_PHI_ABCONV/Sartre/Incoherent/sartre_bnonsat_Au_phi_ab_eAu_1_135.hepmc.gz,10000,13
EVGEN/EXCLUSIVE/DIFFRACTIVE_PHI_ABCONV/Sartre/Incoherent/sartre_bnonsat_Au_phi_ab_eAu_1_136.hepmc.gz,10000,13
EVGEN/EXCLUSIVE/DIFFRACTIVE_PHI_ABCONV/Sartre/Incoherent/sartre_bnonsat_Au_phi_ab_eAu_1_137.hepmc.gz,10000,13
EVGEN/EXCLUSIVE/DIFFRACTIVE_PHI_ABCONV/Sartre/Incoherent/sartre_bnonsat_Au_phi_ab_eAu_1_138.hepmc.gz,10000,13
EVGEN/EXCLUSIVE/DIFFRACTIVE_PHI_ABCONV/Sartre/Incoherent/sartre_bnonsat_Au_phi_ab_eAu_1_139.hepmc.gz,10000,13
EVGEN/EXCLUSIVE/DIFFRACTIVE_PHI_ABCONV/Sartre/Incoherent/sartre_bnonsat_Au_phi_ab_eAu_1_140.hepmc.gz,10000,13
EVGEN/EXCLUSIVE/DIFFRACTIVE_PHI_ABCONV/Sartre/Incoherent/sartre_bnonsat_Au_phi_ab_eAu_1_141.hepmc.gz,10000,13
EVGEN/EXCLUSIVE/DIFFRACTIVE_PHI_ABCONV/Sartre/Incoherent/sartre_bnonsat_Au_phi_ab_eAu_1_142.hepmc.gz,10000,13
EVGEN/EXCLUSIVE/DIFFRACTIVE_PHI_ABCONV/Sartre/Incoherent/sartre_bnonsat_Au_phi_ab_eAu_1_143.hepmc.gz,10000,13
EVGEN/EXCLUSIVE/DIFFRACTIVE_PHI_ABCONV/Sartre/Incoherent/sartre_bnonsat_Au_phi_ab_eAu_1_144.hepmc.gz,10000,13
EVGEN/EXCLUSIVE/DIFFRACTIVE_PHI_ABCONV/Sartre/Incoherent/sartre_bnonsat_Au_phi_ab_eAu_1_145.hepmc.gz,10000,13
EVGEN/EXCLUSIVE/DIFFRACTIVE_PHI_ABCONV/Sartre/Incoherent/sartre_bnonsat_Au_phi_ab_eAu_1_146.hepmc.gz,10000,13
EVGEN/EXCLUSIVE/DIFFRACTIVE_PHI_ABCONV/Sartre/Incoherent/sartre_bnonsat_Au_phi_ab_eAu_1_147.hepmc.gz,10000,13
EVGEN/EXCLUSIVE/DIFFRACTIVE_PHI_ABCONV/Sartre/Incoherent/sartre_bnonsat_Au_phi_ab_eAu_1_148.hepmc.gz,10000,13
EVGEN/EXCLUSIVE/DIFFRACTIVE_PHI_ABCONV/Sartre/Incoherent/sartre_bnonsat_Au_phi_ab_eAu_1_149.hepmc.gz,10000,13
EVGEN/EXCLUSIVE/DIFFRACTIVE_PHI_ABCONV/Sartre/Incoherent/sartre_bnonsat_Au_phi_ab_eAu_1_150.hepmc.gz,10000,13
EVGEN/EXCLUSIVE/DIFFRACTIVE_PHI_ABCONV/Sartre/Incoherent/sartre_bnonsat_Au_phi_ab_eAu_1_151.hepmc.gz,10000,13
EVGEN/EXCLUSIVE/DIFFRACTIVE_PHI_ABCONV/Sartre/Incoherent/sartre_bnonsat_Au_phi_ab_eAu_1_152.hepmc.gz,10000,13
EVGEN/EXCLUSIVE/DIFFRACTIVE_PHI_ABCONV/Sartre/Incoherent/sartre_bnonsat_Au_phi_ab_eAu_1_153.hepmc.gz,10000,13
EVGEN/EXCLUSIVE/DIFFRACTIVE_PHI_ABCONV/Sartre/Incoherent/sartre_bnonsat_Au_phi_ab_eAu_1_154.hepmc.gz,10000,13
EVGEN/EXCLUSIVE/DIFFRACTIVE_PHI_ABCONV/Sartre/Incoherent/sartre_bnonsat_Au_phi_ab_eAu_1_155.hepmc.gz,10000,13
EVGEN/EXCLUSIVE/DIFFRACTIVE_PHI_ABCONV/Sartre/Incoherent/sartre_bnonsat_Au_phi_ab_eAu_1_156.hepmc.gz,10000,13
EVGEN/EXCLUSIVE/DIFFRACTIVE_PHI_ABCONV/Sartre/Incoherent/sartre_bnonsat_Au_phi_ab_eAu_1_157.hepmc.gz,10000,13
EVGEN/EXCLUSIVE/DIFFRACTIVE_PHI_ABCONV/Sartre/Incoherent/sartre_bnonsat_Au_phi_ab_eAu_1_158.hepmc.gz,10000,13
EVGEN/EXCLUSIVE/DIFFRACTIVE_PHI_ABCONV/Sartre/Incoherent/sartre_bnonsat_Au_phi_ab_eAu_1_159.hepmc.gz,10000,13
EVGEN/EXCLUSIVE/DIFFRACTIVE_PHI_ABCONV/Sartre/Incoherent/sartre_bnonsat_Au_phi_ab_eAu_1_160.hepmc.gz,10000,13
EVGEN/EXCLUSIVE/DIFFRACTIVE_PHI_ABCONV/Sartre/Incoherent/sartre_bnonsat_Au_phi_ab_eAu_1_161.hepmc.gz,10000,13
EVGEN/EXCLUSIVE/DIFFRACTIVE_PHI_ABCONV/Sartre/Incoherent/sartre_bnonsat_Au_phi_ab_eAu_1_162.hepmc.gz,10000,13
EVGEN/EXCLUSIVE/DIFFRACTIVE_PHI_ABCONV/Sartre/Incoherent/sartre_bnonsat_Au_phi_ab_eAu_1_163.hepmc.gz,10000,13
EVGEN/EXCLUSIVE/DIFFRACTIVE_PHI_ABCONV/Sartre/Incoherent/sartre_bnonsat_Au_phi_ab_eAu_1_164.hepmc.gz,10000,13
EVGEN/EXCLUSIVE/DIFFRACTIVE_PHI_ABCONV/Sartre/Incoherent/sartre_bnonsat_Au_phi_ab_eAu_1_165.hepmc.gz,10000,13
EVGEN/EXCLUSIVE/DIFFRACTIVE_PHI_ABCONV/Sartre/Incoherent/sartre_bnonsat_Au_phi_ab_eAu_1_166.hepmc.gz,10000,13
EVGEN/EXCLUSIVE/DIFFRACTIVE_PHI_ABCONV/Sartre/Incoherent/sartre_bnonsat_Au_phi_ab_eAu_1_167.hepmc.gz,10000,13
EVGEN/EXCLUSIVE/DIFFRACTIVE_PHI_ABCONV/Sartre/Incoherent/sartre_bnonsat_Au_phi_ab_eAu_1_168.hepmc.gz,10000,13
EVGEN/EXCLUSIVE/DIFFRACTIVE_PHI_ABCONV/Sartre/Incoherent/sartre_bnonsat_Au_phi_ab_eAu_1_169.hepmc.gz,10000,13
EVGEN/EXCLUSIVE/DIFFRACTIVE_PHI_ABCONV/Sartre/Incoherent/sartre_bnonsat_Au_phi_ab_eAu_1_170.hepmc.gz,10000,13
EVGEN/EXCLUSIVE/DIFFRACTIVE_PHI_ABCONV/Sartre/Incoherent/sartre_bnonsat_Au_phi_ab_eAu_1_171.hepmc.gz,10000,13
EVGEN/EXCLUSIVE/DIFFRACTIVE_PHI_ABCONV/Sartre/Incoherent/sartre_bnonsat_Au_phi_ab_eAu_1_172.hepmc.gz,10000,13
EVGEN/EXCLUSIVE/DIFFRACTIVE_PHI_ABCONV/Sartre/Incoherent/sartre_bnonsat_Au_phi_ab_eAu_1_173.hepmc.gz,10000,13
EVGEN/EXCLUSIVE/DIFFRACTIVE_PHI_ABCONV/Sartre/Incoherent/sartre_bnonsat_Au_phi_ab_eAu_1_174.hepmc.gz,10000,13
EVGEN/EXCLUSIVE/DIFFRACTIVE_PHI_ABCONV/Sartre/Incoherent/sartre_bnonsat_Au_phi_ab_eAu_1_175.hepmc.gz,10000,13
EVGEN/EXCLUSIVE/DIFFRACTIVE_PHI_ABCONV/Sartre/Incoherent/sartre_bnonsat_Au_phi_ab_eAu_1_176.hepmc.gz,10000,13
EVGEN/EXCLUSIVE/DIFFRACTIVE_PHI_ABCONV/Sartre/Incoherent/sartre_bnonsat_Au_phi_ab_eAu_1_177.hepmc.gz,10000,13
EVGEN/EXCLUSIVE/DIFFRACTIVE_PHI_ABCONV/Sartre/Incoherent/sartre_bnonsat_Au_phi_ab_eAu_1_178.hepmc.gz,10000,13
EVGEN/EXCLUSIVE/DIFFRACTIVE_PHI_ABCONV/Sartre/Incoherent/sartre_bnonsat_Au_phi_ab_eAu_1_179.hepmc.gz,10000,13
EVGEN/EXCLUSIVE/DIFFRACTIVE_PHI_ABCONV/Sartre/Incoherent/sartre_bnonsat_Au_phi_ab_eAu_1_180.hepmc.gz,10000,13
EVGEN/EXCLUSIVE/DIFFRACTIVE_PHI_ABCONV/Sartre/Incoherent/sartre_bnonsat_Au_phi_ab_eAu_1_181.hepmc.gz,10000,13
EVGEN/EXCLUSIVE/DIFFRACTIVE_PHI_ABCONV/Sartre/Incoherent/sartre_bnonsat_Au_phi_ab_eAu_1_182.hepmc.gz,10000,13
EVGEN/EXCLUSIVE/DIFFRACTIVE_PHI_ABCONV/Sartre/Incoherent/sartre_bnonsat_Au_phi_ab_eAu_1_183.hepmc.gz,10000,13
EVGEN/EXCLUSIVE/DIFFRACTIVE_PHI_ABCONV/Sartre/Incoherent/sartre_bnonsat_Au_phi_ab_eAu_1_184.hepmc.gz,10000,13
EVGEN/EXCLUSIVE/DIFFRACTIVE_PHI_ABCONV/Sartre/Incoherent/sartre_bnonsat_Au_phi_ab_eAu_1_185.hepmc.gz,10000,13
EVGEN/EXCLUSIVE/DIFFRACTIVE_PHI_ABCONV/Sartre/Incoherent/sartre_bnonsat_Au_phi_ab_eAu_1_186.hepmc.gz,10000,13
EVGEN/EXCLUSIVE/DIFFRACTIVE_PHI_ABCONV/Sartre/Incoherent/sartre_bnonsat_Au_phi_ab_eAu_1_187.hepmc.gz,10000,13
EVGEN/EXCLUSIVE/DIFFRACTIVE_PHI_ABCONV/Sartre/Incoherent/sartre_bnonsat_Au_phi_ab_eAu_1_188.hepmc.gz,10000,13
EVGEN/EXCLUSIVE/DIFFRACTIVE_PHI_ABCONV/Sartre/Incoherent/sartre_bnonsat_Au_phi_ab_eAu_1_189.hepmc.gz,10000,13
EVGEN/EXCLUSIVE/DIFFRACTIVE_PHI_ABCONV/Sartre/Incoherent/sartre_bnonsat_Au_phi_ab_eAu_1_190.hepmc.gz,10000,13
EVGEN/EXCLUSIVE/DIFFRACTIVE_PHI_ABCONV/Sartre/Incoherent/sartre_bnonsat_Au_phi_ab_eAu_1_191.hepmc.gz,10000,13
EVGEN/EXCLUSIVE/DIFFRACTIVE_PHI_ABCONV/Sartre/Incoherent/sartre_bnonsat_Au_phi_ab_eAu_1_192.hepmc.gz,10000,13
EVGEN/EXCLUSIVE/DIFFRACTIVE_PHI_ABCONV/Sartre/Incoherent/sartre_bnonsat_Au_phi_ab_eAu_1_193.hepmc.gz,10000,13
EVGEN/EXCLUSIVE/DIFFRACTIVE_PHI_ABCONV/Sartre/Incoherent/sartre_bnonsat_Au_phi_ab_eAu_1_194.hepmc.gz,10000,13
EVGEN/EXCLUSIVE/DIFFRACTIVE_PHI_ABCONV/Sartre/Incoherent/sartre_bnonsat_Au_phi_ab_eAu_1_195.hepmc.gz,10000,13
EVGEN/EXCLUSIVE/DIFFRACTIVE_PHI_ABCONV/Sartre/Incoherent/sartre_bnonsat_Au_phi_ab_eAu_1_196.hepmc.gz,10000,13
EVGEN/EXCLUSIVE/DIFFRACTIVE_PHI_ABCONV/Sartre/Incoherent/sartre_bnonsat_Au_phi_ab_eAu_1_197.hepmc.gz,10000,13
EVGEN/EXCLUSIVE/DIFFRACTIVE_PHI_ABCONV/Sartre/Incoherent/sartre_bnonsat_Au_phi_ab_eAu_1_198.hepmc.gz,10000,13
EVGEN/EXCLUSIVE/DIFFRACTIVE_PHI_ABCONV/Sartre/Incoherent/sartre_bnonsat_Au_phi_ab_eAu_1_199.hepmc.gz,10000,13
EVGEN/EXCLUSIVE/DIFFRACTIVE_PHI_ABCONV/Sartre/Incoherent/sartre_bnonsat_Au_phi_ab_eAu_1_200.hepmc.gz,10000,13
EVGEN/EXCLUSIVE/DIFFRACTIVE_PHI_ABCONV/Sartre/Incoherent/sartre_bnonsat_Au_phi_ab_eAu_1_201.hepmc.gz,10000,13
EVGEN/EXCLUSIVE/DIFFRACTIVE_PHI_ABCONV/Sartre/Incoherent/sartre_bnonsat_Au_phi_ab_eAu_1_202.hepmc.gz,10000,13
EVGEN/EXCLUSIVE/DIFFRACTIVE_PHI_ABCONV/Sartre/Incoherent/sartre_bnonsat_Au_phi_ab_eAu_1_203.hepmc.gz,10000,13
EVGEN/EXCLUSIVE/DIFFRACTIVE_PHI_ABCONV/Sartre/Incoherent/sartre_bnonsat_Au_phi_ab_eAu_1_204.hepmc.gz,10000,13
EVGEN/EXCLUSIVE/DIFFRACTIVE_PHI_ABCONV/Sartre/Incoherent/sartre_bnonsat_Au_phi_ab_eAu_1_205.hepmc.gz,10000,13
EVGEN/EXCLUSIVE/DIFFRACTIVE_PHI_ABCONV/Sartre/Incoherent/sartre_bnonsat_Au_phi_ab_eAu_1_206.hepmc.gz,10000,13
EVGEN/EXCLUSIVE/DIFFRACTIVE_PHI_ABCONV/Sartre/Incoherent/sartre_bnonsat_Au_phi_ab_eAu_1_207.hepmc.gz,10000,13
EVGEN/EXCLUSIVE/DIFFRACTIVE_PHI_ABCONV/Sartre/Incoherent/sartre_bnonsat_Au_phi_ab_eAu_1_208.hepmc.gz,10000,13
EVGEN/EXCLUSIVE/DIFFRACTIVE_PHI_ABCONV/Sartre/Incoherent/sartre_bnonsat_Au_phi_ab_eAu_1_209.hepmc.gz,10000,13
EVGEN/EXCLUSIVE/DIFFRACTIVE_PHI_ABCONV/Sartre/Incoherent/sartre_bnonsat_Au_phi_ab_eAu_1_210.hepmc.gz,10000,13
EVGEN/EXCLUSIVE/DIFFRACTIVE_PHI_ABCONV/Sartre/Incoherent/sartre_bnonsat_Au_phi_ab_eAu_1_211.hepmc.gz,10000,13
EVGEN/EXCLUSIVE/DIFFRACTIVE_PHI_ABCONV/Sartre/Incoherent/sartre_bnonsat_Au_phi_ab_eAu_1_212.hepmc.gz,10000,13
EVGEN/EXCLUSIVE/DIFFRACTIVE_PHI_ABCONV/Sartre/Incoherent/sartre_bnonsat_Au_phi_ab_eAu_1_213.hepmc.gz,10000,13
EVGEN/EXCLUSIVE/DIFFRACTIVE_PHI_ABCONV/Sartre/Incoherent/sartre_bnonsat_Au_phi_ab_eAu_1_214.hepmc.gz,10000,13
EVGEN/EXCLUSIVE/DIFFRACTIVE_PHI_ABCONV/Sartre/Incoherent/sartre_bnonsat_Au_phi_ab_eAu_1_215.hepmc.gz,10000,13
EVGEN/EXCLUSIVE/DIFFRACTIVE_PHI_ABCONV/Sartre/Incoherent/sartre_bnonsat_Au_phi_ab_eAu_1_216.hepmc.gz,10000,13
EVGEN/EXCLUSIVE/DIFFRACTIVE_PHI_ABCONV/Sartre/Incoherent/sartre_bnonsat_Au_phi_ab_eAu_1_217.hepmc.gz,10000,13
EVGEN/EXCLUSIVE/DIFFRACTIVE_PHI_ABCONV/Sartre/Incoherent/sartre_bnonsat_Au_phi_ab_eAu_1_218.hepmc.gz,10000,13
EVGEN/EXCLUSIVE/DIFFRACTIVE_PHI_ABCONV/Sartre/Incoherent/sartre_bnonsat_Au_phi_ab_eAu_1_219.hepmc.gz,10000,13
EVGEN/EXCLUSIVE/DIFFRACTIVE_PHI_ABCONV/Sartre/Incoherent/sartre_bnonsat_Au_phi_ab_eAu_1_220.hepmc.gz,10000,13
EVGEN/EXCLUSIVE/DIFFRACTIVE_PHI_ABCONV/Sartre/Incoherent/sartre_bnonsat_Au_phi_ab_eAu_1_221.hepmc.gz,10000,13
EVGEN/EXCLUSIVE/DIFFRACTIVE_PHI_ABCONV/Sartre/Incoherent/sartre_bnonsat_Au_phi_ab_eAu_1_222.hepmc.gz,10000,13
EVGEN/EXCLUSIVE/DIFFRACTIVE_PHI_ABCONV/Sartre/Incoherent/sartre_bnonsat_Au_phi_ab_eAu_1_223.hepmc.gz,10000,13
EVGEN/EXCLUSIVE/DIFFRACTIVE_PHI_ABCONV/Sartre/Incoherent/sartre_bnonsat_Au_phi_ab_eAu_1_224.hepmc.gz,10000,13
EVGEN/EXCLUSIVE/DIFFRACTIVE_PHI_ABCONV/Sartre/Incoherent/sartre_bnonsat_Au_phi_ab_eAu_1_225.hepmc.gz,10000,13
EVGEN/EXCLUSIVE/DIFFRACTIVE_PHI_ABCONV/Sartre/Incoherent/sartre_bnonsat_Au_phi_ab_eAu_1_226.hepmc.gz,10000,13
EVGEN/EXCLUSIVE/DIFFRACTIVE_PHI_ABCONV/Sartre/Incoherent/sartre_bnonsat_Au_phi_ab_eAu_1_227.hepmc.gz,10000,13
EVGEN/EXCLUSIVE/DIFFRACTIVE_PHI_ABCONV/Sartre/Incoherent/sartre_bnonsat_Au_phi_ab_eAu_1_228.hepmc.gz,10000,13
EVGEN/EXCLUSIVE/DIFFRACTIVE_PHI_ABCONV/Sartre/Incoherent/sartre_bnonsat_Au_phi_ab_eAu_1_229.hepmc.gz,10000,13
EVGEN/EXCLUSIVE/DIFFRACTIVE_PHI_ABCONV/Sartre/Incoherent/sartre_bnonsat_Au_phi_ab_eAu_1_230.hepmc.gz,10000,13
EVGEN/EXCLUSIVE/DIFFRACTIVE_PHI_ABCONV/Sartre/Incoherent/sartre_bnonsat_Au_phi_ab_eAu_1_231.hepmc.gz,10000,13
EVGEN/EXCLUSIVE/DIFFRACTIVE_PHI_ABCONV/Sartre/Incoherent/sartre_bnonsat_Au_phi_ab_eAu_1_232.hepmc.gz,10000,13
EVGEN/EXCLUSIVE/DIFFRACTIVE_PHI_ABCONV/Sartre/Incoherent/sartre_bnonsat_Au_phi_ab_eAu_1_233.hepmc.gz,10000,13
EVGEN/EXCLUSIVE/DIFFRACTIVE_PHI_ABCONV/Sartre/Incoherent/sartre_bnonsat_Au_phi_ab_eAu_1_234.hepmc.gz,10000,13
EVGEN/EXCLUSIVE/DIFFRACTIVE_PHI_ABCONV/Sartre/Incoherent/sartre_bnonsat_Au_phi_ab_eAu_1_235.hepmc.gz,10000,13
EVGEN/EXCLUSIVE/DIFFRACTIVE_PHI_ABCONV/Sartre/Incoherent/sartre_bnonsat_Au_phi_ab_eAu_1_236.hepmc.gz,10000,13
EVGEN/EXCLUSIVE/DIFFRACTIVE_PHI_ABCONV/Sartre/Incoherent/sartre_bnonsat_Au_phi_ab_eAu_1_237.hepmc.gz,10000,13
EVGEN/EXCLUSIVE/DIFFRACTIVE_PHI_ABCONV/Sartre/Incoherent/sartre_bnonsat_Au_phi_ab_eAu_1_238.hepmc.gz,10000,13
EVGEN/EXCLUSIVE/DIFFRACTIVE_PHI_ABCONV/Sartre/Incoherent/sartre_bnonsat_Au_phi_ab_eAu_1_239.hepmc.gz,10000,13
EVGEN/EXCLUSIVE/DIFFRACTIVE_PHI_ABCONV/Sartre/Incoherent/sartre_bnonsat_Au_phi_ab_eAu_1_240.hepmc.gz,10000,13
EVGEN/EXCLUSIVE/DIFFRACTIVE_PHI_ABCONV/Sartre/Incoherent/sartre_bnonsat_Au_phi_ab_eAu_1_241.hepmc.gz,10000,13
EVGEN/EXCLUSIVE/DIFFRACTIVE_PHI_ABCONV/Sartre/Incoherent/sartre_bnonsat_Au_phi_ab_eAu_1_242.hepmc.gz,10000,13
EVGEN/EXCLUSIVE/DIFFRACTIVE_PHI_ABCONV/Sartre/Incoherent/sartre_bnonsat_Au_phi_ab_eAu_1_243.hepmc.gz,10000,13
EVGEN/EXCLUSIVE/DIFFRACTIVE_PHI_ABCONV/Sartre/Incoherent/sartre_bnonsat_Au_phi_ab_eAu_1_244.hepmc.gz,10000,13
EVGEN/EXCLUSIVE/DIFFRACTIVE_PHI_ABCONV/Sartre/Incoherent/sartre_bnonsat_Au_phi_ab_eAu_1_245.hepmc.gz,10000,13
EVGEN/EXCLUSIVE/DIFFRACTIVE_PHI_ABCONV/Sartre/Incoherent/sartre_bnonsat_Au_phi_ab_eAu_1_246.hepmc.gz,10000,13
EVGEN/EXCLUSIVE/DIFFRACTIVE_PHI_ABCONV/Sartre/Incoherent/sartre_bnonsat_Au_phi_ab_eAu_1_247.hepmc.gz,10000,13
EVGEN/EXCLUSIVE/DIFFRACTIVE_PHI_ABCONV/Sartre/Incoherent/sartre_bnonsat_Au_phi_ab_eAu_1_248.hepmc.gz,10000,13
EVGEN/EXCLUSIVE/DIFFRACTIVE_PHI_ABCONV/Sartre/Incoherent/sartre_bnonsat_Au_phi_ab_eAu_1_249.hepmc.gz,10000,13
EVGEN/EXCLUSIVE/DIFFRACTIVE_PHI_ABCONV/Sartre/Incoherent/sartre_bnonsat_Au_phi_ab_eAu_1_250.hepmc.gz,10000,13
EVGEN/EXCLUSIVE/DIFFRACTIVE_PHI_ABCONV/Sartre/Incoherent/sartre_bnonsat_Au_phi_ab_eAu_1_251.hepmc.gz,10000,13
EVGEN/EXCLUSIVE/DIFFRACTIVE_PHI_ABCONV/Sartre/Incoherent/sartre_bnonsat_Au_phi_ab_eAu_1_252.hepmc.gz,10000,13
EVGEN/EXCLUSIVE/DIFFRACTIVE_PHI_ABCONV/Sartre/Incoherent/sartre_bnonsat_Au_phi_ab_eAu_1_253.hepmc.gz,10000,13
EVGEN/EXCLUSIVE/DIFFRACTIVE_PHI_ABCONV/Sartre/Incoherent/sartre_bnonsat_Au_phi_ab_eAu_1_254.hepmc.gz,10000,13
EVGEN/EXCLUSIVE/DIFFRACTIVE_PHI_ABCONV/Sartre/Incoherent/sartre_bnonsat_Au_phi_ab_eAu_1_255.hepmc.gz,10000,13
EVGEN/EXCLUSIVE/DIFFRACTIVE_PHI_ABCONV/Sartre/Incoherent/sartre_bnonsat_Au_phi_ab_eAu_1_256.hepmc.gz,10000,13
EVGEN/EXCLUSIVE/DIFFRACTIVE_PHI_ABCONV/Sartre/Incoherent/sartre_bnonsat_Au_phi_ab_eAu_1_257.hepmc.gz,10000,13
EVGEN/EXCLUSIVE/DIFFRACTIVE_PHI_ABCONV/Sartre/Incoherent/sartre_bnonsat_Au_phi_ab_eAu_1_258.hepmc.gz,10000,13
EVGEN/EXCLUSIVE/DIFFRACTIVE_PHI_ABCONV/Sartre/Incoherent/sartre_bnonsat_Au_phi_ab_eAu_1_259.hepmc.gz,10000,13
EVGEN/EXCLUSIVE/DIFFRACTIVE_PHI_ABCONV/Sartre/Incoherent/sartre_bnonsat_Au_phi_ab_eAu_1_260.hepmc.gz,10000,13
EVGEN/EXCLUSIVE/DIFFRACTIVE_PHI_ABCONV/Sartre/Incoherent/sartre_bnonsat_Au_phi_ab_eAu_1_261.hepmc.gz,10000,13
EVGEN/EXCLUSIVE/DIFFRACTIVE_PHI_ABCONV/Sartre/Incoherent/sartre_bnonsat_Au_phi_ab_eAu_1_262.hepmc.gz,10000,13
EVGEN/EXCLUSIVE/DIFFRACTIVE_PHI_ABCONV/Sartre/Incoherent/sartre_bnonsat_Au_phi_ab_eAu_1_263.hepmc.gz,10000,13
EVGEN/EXCLUSIVE/DIFFRACTIVE_PHI_ABCONV/Sartre/Incoherent/sartre_bnonsat_Au_phi_ab_eAu_1_264.hepmc.gz,10000,13
EVGEN/EXCLUSIVE/DIFFRACTIVE_PHI_ABCONV/Sartre/Incoherent/sartre_bnonsat_Au_phi_ab_eAu_1_265.hepmc.gz,10000,13
EVGEN/EXCLUSIVE/DIFFRACTIVE_PHI_ABCONV/Sartre/Incoherent/sartre_bnonsat_Au_phi_ab_eAu_1_266.hepmc.gz,10000,13
EVGEN/EXCLUSIVE/DIFFRACTIVE_PHI_ABCONV/Sartre/Incoherent/sartre_bnonsat_Au_phi_ab_eAu_1_267.hepmc.gz,10000,13
EVGEN/EXCLUSIVE/DIFFRACTIVE_PHI_ABCONV/Sartre/Incoherent/sartre_bnonsat_Au_phi_ab_eAu_1_268.hepmc.gz,10000,13
EVGEN/EXCLUSIVE/DIFFRACTIVE_PHI_ABCONV/Sartre/Incoherent/sartre_bnonsat_Au_phi_ab_eAu_1_269.hepmc.gz,10000,13
EVGEN/EXCLUSIVE/DIFFRACTIVE_PHI_ABCONV/Sartre/Incoherent/sartre_bnonsat_Au_phi_ab_eAu_1_270.hepmc.gz,10000,13
EVGEN/EXCLUSIVE/DIFFRACTIVE_PHI_ABCONV/Sartre/Incoherent/sartre_bnonsat_Au_phi_ab_eAu_1_271.hepmc.gz,10000,13
EVGEN/EXCLUSIVE/DIFFRACTIVE_PHI_ABCONV/Sartre/Incoherent/sartre_bnonsat_Au_phi_ab_eAu_1_272.hepmc.gz,10000,13
EVGEN/EXCLUSIVE/DIFFRACTIVE_PHI_ABCONV/Sartre/Incoherent/sartre_bnonsat_Au_phi_ab_eAu_1_273.hepmc.gz,10000,13
EVGEN/EXCLUSIVE/DIFFRACTIVE_PHI_ABCONV/Sartre/Incoherent/sartre_bnonsat_Au_phi_ab_eAu_1_274.hepmc.gz,10000,13
EVGEN/EXCLUSIVE/DIFFRACTIVE_PHI_ABCONV/Sartre/Incoherent/sartre_bnonsat_Au_phi_ab_eAu_1_275.hepmc.gz,10000,13
EVGEN/EXCLUSIVE/DIFFRACTIVE_PHI_ABCONV/Sartre/Incoherent/sartre_bnonsat_Au_phi_ab_eAu_1_276.hepmc.gz,10000,13
EVGEN/EXCLUSIVE/DIFFRACTIVE_PHI_ABCONV/Sartre/Incoherent/sartre_bnonsat_Au_phi_ab_eAu_1_277.hepmc.gz,10000,13
EVGEN/EXCLUSIVE/DIFFRACTIVE_PHI_ABCONV/Sartre/Incoherent/sartre_bnonsat_Au_phi_ab_eAu_1_278.hepmc.gz,10000,13
EVGEN/EXCLUSIVE/DIFFRACTIVE_PHI_ABCONV/Sartre/Incoherent/sartre_bnonsat_Au_phi_ab_eAu_1_279.hepmc.gz,10000,13
EVGEN/EXCLUSIVE/DIFFRACTIVE_PHI_ABCONV/Sartre/Incoherent/sartre_bnonsat_Au_phi_ab_eAu_2_000.hepmc.gz,10000,13
EVGEN/EXCLUSIVE/DIFFRACTIVE_PHI_ABCONV/Sartre/Incoherent/sartre_bnonsat_Au_phi_ab_eAu_2_001.hepmc.gz,10000,13
EVGEN/EXCLUSIVE/DIFFRACTIVE_PHI_ABCONV/Sartre/Incoherent/sartre_bnonsat_Au_phi_ab_eAu_2_002.hepmc.gz,10000,13
EVGEN/EXCLUSIVE/DIFFRACTIVE_PHI_ABCONV/Sartre/Incoherent/sartre_bnonsat_Au_phi_ab_eAu_2_003.hepmc.gz,10000,13
EVGEN/EXCLUSIVE/DIFFRACTIVE_PHI_ABCONV/Sartre/Incoherent/sartre_bnonsat_Au_phi_ab_eAu_2_004.hepmc.gz,10000,13
EVGEN/EXCLUSIVE/DIFFRACTIVE_PHI_ABCONV/Sartre/Incoherent/sartre_bnonsat_Au_phi_ab_eAu_2_005.hepmc.gz,10000,13
EVGEN/EXCLUSIVE/DIFFRACTIVE_PHI_ABCONV/Sartre/Incoherent/sartre_bnonsat_Au_phi_ab_eAu_2_006.hepmc.gz,10000,13
EVGEN/EXCLUSIVE/DIFFRACTIVE_PHI_ABCONV/Sartre/Incoherent/sartre_bnonsat_Au_phi_ab_eAu_2_007.hepmc.gz,10000,13
EVGEN/EXCLUSIVE/DIFFRACTIVE_PHI_ABCONV/Sartre/Incoherent/sartre_bnonsat_Au_phi_ab_eAu_2_008.hepmc.gz,10000,13
EVGEN/EXCLUSIVE/DIFFRACTIVE_PHI_ABCONV/Sartre/Incoherent/sartre_bnonsat_Au_phi_ab_eAu_2_009.hepmc.gz,10000,13
EVGEN/EXCLUSIVE/DIFFRACTIVE_PHI_ABCONV/Sartre/Incoherent/sartre_bnonsat_Au_phi_ab_eAu_2_010.hepmc.gz,10000,13
EVGEN/EXCLUSIVE/DIFFRACTIVE_PHI_ABCONV/Sartre/Incoherent/sartre_bnonsat_Au_phi_ab_eAu_2_011.hepmc.gz,10000,13
EVGEN/EXCLUSIVE/DIFFRACTIVE_PHI_ABCONV/Sartre/Incoherent/sartre_bnonsat_Au_phi_ab_eAu_2_012.hepmc.gz,10000,13
EVGEN/EXCLUSIVE/DIFFRACTIVE_PHI_ABCONV/Sartre/Incoherent/sartre_bnonsat_Au_phi_ab_eAu_2_013.hepmc.gz,10000,13
EVGEN/EXCLUSIVE/DIFFRACTIVE_PHI_ABCONV/Sartre/Incoherent/sartre_bnonsat_Au_phi_ab_eAu_2_014.hepmc.gz,10000,13
EVGEN/EXCLUSIVE/DIFFRACTIVE_PHI_ABCONV/Sartre/Incoherent/sartre_bnonsat_Au_phi_ab_eAu_2_015.hepmc.gz,10000,13
EVGEN/EXCLUSIVE/DIFFRACTIVE_PHI_ABCONV/Sartre/Incoherent/sartre_bnonsat_Au_phi_ab_eAu_2_016.hepmc.gz,10000,13
EVGEN/EXCLUSIVE/DIFFRACTIVE_PHI_ABCONV/Sartre/Incoherent/sartre_bnonsat_Au_phi_ab_eAu_2_017.hepmc.gz,10000,13
EVGEN/EXCLUSIVE/DIFFRACTIVE_PHI_ABCONV/Sartre/Incoherent/sartre_bnonsat_Au_phi_ab_eAu_2_018.hepmc.gz,10000,13
EVGEN/EXCLUSIVE/DIFFRACTIVE_PHI_ABCONV/Sartre/Incoherent/sartre_bnonsat_Au_phi_ab_eAu_2_019.hepmc.gz,10000,13
EVGEN/EXCLUSIVE/DIFFRACTIVE_PHI_ABCONV/Sartre/Incoherent/sartre_bnonsat_Au_phi_ab_eAu_2_020.hepmc.gz,10000,13
EVGEN/EXCLUSIVE/DIFFRACTIVE_PHI_ABCONV/Sartre/Incoherent/sartre_bnonsat_Au_phi_ab_eAu_2_021.hepmc.gz,10000,13
EVGEN/EXCLUSIVE/DIFFRACTIVE_PHI_ABCONV/Sartre/Incoherent/sartre_bnonsat_Au_phi_ab_eAu_2_022.hepmc.gz,10000,13
EVGEN/EXCLUSIVE/DIFFRACTIVE_PHI_ABCONV/Sartre/Incoherent/sartre_bnonsat_Au_phi_ab_eAu_2_023.hepmc.gz,10000,13
EVGEN/EXCLUSIVE/DIFFRACTIVE_PHI_ABCONV/Sartre/Incoherent/sartre_bnonsat_Au_phi_ab_eAu_2_024.hepmc.gz,10000,13
EVGEN/EXCLUSIVE/DIFFRACTIVE_PHI_ABCONV/Sartre/Incoherent/sartre_bnonsat_Au_phi_ab_eAu_2_025.hepmc.gz,10000,13
EVGEN/EXCLUSIVE/DIFFRACTIVE_PHI_ABCONV/Sartre/Incoherent/sartre_bnonsat_Au_phi_ab_eAu_2_026.hepmc.gz,10000,13
EVGEN/EXCLUSIVE/DIFFRACTIVE_PHI_ABCONV/Sartre/Incoherent/sartre_bnonsat_Au_phi_ab_eAu_2_027.hepmc.gz,10000,13
EVGEN/EXCLUSIVE/DIFFRACTIVE_PHI_ABCONV/Sartre/Incoherent/sartre_bnonsat_Au_phi_ab_eAu_2_028.hepmc.gz,10000,13
EVGEN/EXCLUSIVE/DIFFRACTIVE_PHI_ABCONV/Sartre/Incoherent/sartre_bnonsat_Au_phi_ab_eAu_2_029.hepmc.gz,10000,13
EVGEN/EXCLUSIVE/DIFFRACTIVE_PHI_ABCONV/Sartre/Incoherent/sartre_bnonsat_Au_phi_ab_eAu_2_030.hepmc.gz,10000,13
EVGEN/EXCLUSIVE/DIFFRACTIVE_PHI_ABCONV/Sartre/Incoherent/sartre_bnonsat_Au_phi_ab_eAu_2_031.hepmc.gz,10000,13
EVGEN/EXCLUSIVE/DIFFRACTIVE_PHI_ABCONV/Sartre/Incoherent/sartre_bnonsat_Au_phi_ab_eAu_2_032.hepmc.gz,10000,13
EVGEN/EXCLUSIVE/DIFFRACTIVE_PHI_ABCONV/Sartre/Incoherent/sartre_bnonsat_Au_phi_ab_eAu_2_033.hepmc.gz,10000,13
EVGEN/EXCLUSIVE/DIFFRACTIVE_PHI_ABCONV/Sartre/Incoherent/sartre_bnonsat_Au_phi_ab_eAu_2_034.hepmc.gz,10000,13
EVGEN/EXCLUSIVE/DIFFRACTIVE_PHI_ABCONV/Sartre/Incoherent/sartre_bnonsat_Au_phi_ab_eAu_2_035.hepmc.gz,10000,13
EVGEN/EXCLUSIVE/DIFFRACTIVE_PHI_ABCONV/Sartre/Incoherent/sartre_bnonsat_Au_phi_ab_eAu_2_036.hepmc.gz,10000,13
EVGEN/EXCLUSIVE/DIFFRACTIVE_PHI_ABCONV/Sartre/Incoherent/sartre_bnonsat_Au_phi_ab_eAu_2_037.hepmc.gz,10000,13
EVGEN/EXCLUSIVE/DIFFRACTIVE_PHI_ABCONV/Sartre/Incoherent/sartre_bnonsat_Au_phi_ab_eAu_2_038.hepmc.gz,10000,13
EVGEN/EXCLUSIVE/DIFFRACTIVE_PHI_ABCONV/Sartre/Incoherent/sartre_bnonsat_Au_phi_ab_eAu_2_039.hepmc.gz,10000,13
EVGEN/EXCLUSIVE/DIFFRACTIVE_PHI_ABCONV/Sartre/Incoherent/sartre_bnonsat_Au_phi_ab_eAu_2_040.hepmc.gz,10000,13
EVGEN/EXCLUSIVE/DIFFRACTIVE_PHI_ABCONV/Sartre/Incoherent/sartre_bnonsat_Au_phi_ab_eAu_2_041.hepmc.gz,10000,13
EVGEN/EXCLUSIVE/DIFFRACTIVE_PHI_ABCONV/Sartre/Incoherent/sartre_bnonsat_Au_phi_ab_eAu_2_042.hepmc.gz,10000,13
EVGEN/EXCLUSIVE/DIFFRACTIVE_PHI_ABCONV/Sartre/Incoherent/sartre_bnonsat_Au_phi_ab_eAu_2_043.hepmc.gz,10000,13
EVGEN/EXCLUSIVE/DIFFRACTIVE_PHI_ABCONV/Sartre/Incoherent/sartre_bnonsat_Au_phi_ab_eAu_2_044.hepmc.gz,10000,13
EVGEN/EXCLUSIVE/DIFFRACTIVE_PHI_ABCONV/Sartre/Incoherent/sartre_bnonsat_Au_phi_ab_eAu_2_045.hepmc.gz,10000,13
EVGEN/EXCLUSIVE/DIFFRACTIVE_PHI_ABCONV/Sartre/Incoherent/sartre_bnonsat_Au_phi_ab_eAu_2_046.hepmc.gz,10000,13
EVGEN/EXCLUSIVE/DIFFRACTIVE_PHI_ABCONV/Sartre/Incoherent/sartre_bnonsat_Au_phi_ab_eAu_2_047.hepmc.gz,10000,13
EVGEN/EXCLUSIVE/DIFFRACTIVE_PHI_ABCONV/Sartre/Incoherent/sartre_bnonsat_Au_phi_ab_eAu_2_048.hepmc.gz,10000,13
EVGEN/EXCLUSIVE/DIFFRACTIVE_PHI_ABCONV/Sartre/Incoherent/sartre_bnonsat_Au_phi_ab_eAu_2_049.hepmc.gz,10000,13
EVGEN/EXCLUSIVE/DIFFRACTIVE_PHI_ABCONV/Sartre/Incoherent/sartre_bnonsat_Au_phi_ab_eAu_2_050.hepmc.gz,10000,13
EVGEN/EXCLUSIVE/DIFFRACTIVE_PHI_ABCONV/Sartre/Incoherent/sartre_bnonsat_Au_phi_ab_eAu_2_051.hepmc.gz,10000,13
EVGEN/EXCLUSIVE/DIFFRACTIVE_PHI_ABCONV/Sartre/Incoherent/sartre_bnonsat_Au_phi_ab_eAu_2_052.hepmc.gz,10000,13
EVGEN/EXCLUSIVE/DIFFRACTIVE_PHI_ABCONV/Sartre/Incoherent/sartre_bnonsat_Au_phi_ab_eAu_2_053.hepmc.gz,10000,13
EVGEN/EXCLUSIVE/DIFFRACTIVE_PHI_ABCONV/Sartre/Incoherent/sartre_bnonsat_Au_phi_ab_eAu_2_054.hepmc.gz,10000,13
EVGEN/EXCLUSIVE/DIFFRACTIVE_PHI_ABCONV/Sartre/Incoherent/sartre_bnonsat_Au_phi_ab_eAu_2_055.hepmc.gz,10000,13
EVGEN/EXCLUSIVE/DIFFRACTIVE_PHI_ABCONV/Sartre/Incoherent/sartre_bnonsat_Au_phi_ab_eAu_2_056.hepmc.gz,10000,13
EVGEN/EXCLUSIVE/DIFFRACTIVE_PHI_ABCONV/Sartre/Incoherent/sartre_bnonsat_Au_phi_ab_eAu_2_057.hepmc.gz,10000,13
EVGEN/EXCLUSIVE/DIFFRACTIVE_PHI_ABCONV/Sartre/Incoherent/sartre_bnonsat_Au_phi_ab_eAu_2_058.hepmc.gz,10000,13
EVGEN/EXCLUSIVE/DIFFRACTIVE_PHI_ABCONV/Sartre/Incoherent/sartre_bnonsat_Au_phi_ab_eAu_2_059.hepmc.gz,10000,13
EVGEN/EXCLUSIVE/DIFFRACTIVE_PHI_ABCONV/Sartre/Incoherent/sartre_bnonsat_Au_phi_ab_eAu_2_060.hepmc.gz,10000,13
EVGEN/EXCLUSIVE/DIFFRACTIVE_PHI_ABCONV/Sartre/Incoherent/sartre_bnonsat_Au_phi_ab_eAu_2_061.hepmc.gz,10000,13
EVGEN/EXCLUSIVE/DIFFRACTIVE_PHI_ABCONV/Sartre/Incoherent/sartre_bnonsat_Au_phi_ab_eAu_2_062.hepmc.gz,10000,13
EVGEN/EXCLUSIVE/DIFFRACTIVE_PHI_ABCONV/Sartre/Incoherent/sartre_bnonsat_Au_phi_ab_eAu_2_063.hepmc.gz,10000,13
EVGEN/EXCLUSIVE/DIFFRACTIVE_PHI_ABCONV/Sartre/Incoherent/sartre_bnonsat_Au_phi_ab_eAu_2_064.hepmc.gz,10000,13
EVGEN/EXCLUSIVE/DIFFRACTIVE_PHI_ABCONV/Sartre/Incoherent/sartre_bnonsat_Au_phi_ab_eAu_2_065.hepmc.gz,10000,13
EVGEN/EXCLUSIVE/DIFFRACTIVE_PHI_ABCONV/Sartre/Incoherent/sartre_bnonsat_Au_phi_ab_eAu_2_066.hepmc.gz,10000,13
EVGEN/EXCLUSIVE/DIFFRACTIVE_PHI_ABCONV/Sartre/Incoherent/sartre_bnonsat_Au_phi_ab_eAu_2_067.hepmc.gz,10000,13
EVGEN/EXCLUSIVE/DIFFRACTIVE_PHI_ABCONV/Sartre/Incoherent/sartre_bnonsat_Au_phi_ab_eAu_2_068.hepmc.gz,10000,13
EVGEN/EXCLUSIVE/DIFFRACTIVE_PHI_ABCONV/Sartre/Incoherent/sartre_bnonsat_Au_phi_ab_eAu_2_069.hepmc.gz,10000,13
EVGEN/EXCLUSIVE/DIFFRACTIVE_PHI_ABCONV/Sartre/Incoherent/sartre_bnonsat_Au_phi_ab_eAu_2_070.hepmc.gz,10000,13
EVGEN/EXCLUSIVE/DIFFRACTIVE_PHI_ABCONV/Sartre/Incoherent/sartre_bnonsat_Au_phi_ab_eAu_2_071.hepmc.gz,10000,13
EVGEN/EXCLUSIVE/DIFFRACTIVE_PHI_ABCONV/Sartre/Incoherent/sartre_bnonsat_Au_phi_ab_eAu_2_072.hepmc.gz,10000,13
EVGEN/EXCLUSIVE/DIFFRACTIVE_PHI_ABCONV/Sartre/Incoherent/sartre_bnonsat_Au_phi_ab_eAu_2_073.hepmc.gz,10000,13
EVGEN/EXCLUSIVE/DIFFRACTIVE_PHI_ABCONV/Sartre/Incoherent/sartre_bnonsat_Au_phi_ab_eAu_2_074.hepmc.gz,10000,13
EVGEN/EXCLUSIVE/DIFFRACTIVE_PHI_ABCONV/Sartre/Incoherent/sartre_bnonsat_Au_phi_ab_eAu_2_075.hepmc.gz,10000,13
EVGEN/EXCLUSIVE/DIFFRACTIVE_PHI_ABCONV/Sartre/Incoherent/sartre_bnonsat_Au_phi_ab_eAu_2_076.hepmc.gz,10000,13
EVGEN/EXCLUSIVE/DIFFRACTIVE_PHI_ABCONV/Sartre/Incoherent/sartre_bnonsat_Au_phi_ab_eAu_2_077.hepmc.gz,10000,13
EVGEN/EXCLUSIVE/DIFFRACTIVE_PHI_ABCONV/Sartre/Incoherent/sartre_bnonsat_Au_phi_ab_eAu_2_078.hepmc.gz,10000,13
EVGEN/EXCLUSIVE/DIFFRACTIVE_PHI_ABCONV/Sartre/Incoherent/sartre_bnonsat_Au_phi_ab_eAu_2_079.hepmc.gz,10000,13
EVGEN/EXCLUSIVE/DIFFRACTIVE_PHI_ABCONV/Sartre/Incoherent/sartre_bnonsat_Au_phi_ab_eAu_2_080.hepmc.gz,10000,13
EVGEN/EXCLUSIVE/DIFFRACTIVE_PHI_ABCONV/Sartre/Incoherent/sartre_bnonsat_Au_phi_ab_eAu_2_081.hepmc.gz,10000,13
EVGEN/EXCLUSIVE/DIFFRACTIVE_PHI_ABCONV/Sartre/Incoherent/sartre_bnonsat_Au_phi_ab_eAu_2_082.hepmc.gz,10000,13
EVGEN/EXCLUSIVE/DIFFRACTIVE_PHI_ABCONV/Sartre/Incoherent/sartre_bnonsat_Au_phi_ab_eAu_2_083.hepmc.gz,10000,13
EVGEN/EXCLUSIVE/DIFFRACTIVE_PHI_ABCONV/Sartre/Incoherent/sartre_bnonsat_Au_phi_ab_eAu_2_084.hepmc.gz,10000,13
EVGEN/EXCLUSIVE/DIFFRACTIVE_PHI_ABCONV/Sartre/Incoherent/sartre_bnonsat_Au_phi_ab_eAu_2_085.hepmc.gz,10000,13
EVGEN/EXCLUSIVE/DIFFRACTIVE_PHI_ABCONV/Sartre/Incoherent/sartre_bnonsat_Au_phi_ab_eAu_2_086.hepmc.gz,10000,13
EVGEN/EXCLUSIVE/DIFFRACTIVE_PHI_ABCONV/Sartre/Incoherent/sartre_bnonsat_Au_phi_ab_eAu_2_087.hepmc.gz,10000,13
EVGEN/EXCLUSIVE/DIFFRACTIVE_PHI_ABCONV/Sartre/Incoherent/sartre_bnonsat_Au_phi_ab_eAu_2_088.hepmc.gz,10000,13
EVGEN/EXCLUSIVE/DIFFRACTIVE_PHI_ABCONV/Sartre/Incoherent/sartre_bnonsat_Au_phi_ab_eAu_2_089.hepmc.gz,10000,13
EVGEN/EXCLUSIVE/DIFFRACTIVE_PHI_ABCONV/Sartre/Incoherent/sartre_bnonsat_Au_phi_ab_eAu_2_090.hepmc.gz,10000,13
EVGEN/EXCLUSIVE/DIFFRACTIVE_PHI_ABCONV/Sartre/Incoherent/sartre_bnonsat_Au_phi_ab_eAu_2_091.hepmc.gz,10000,13
EVGEN/EXCLUSIVE/DIFFRACTIVE_PHI_ABCONV/Sartre/Incoherent/sartre_bnonsat_Au_phi_ab_eAu_2_092.hepmc.gz,10000,13
EVGEN/EXCLUSIVE/DIFFRACTIVE_PHI_ABCONV/Sartre/Incoherent/sartre_bnonsat_Au_phi_ab_eAu_2_093.hepmc.gz,10000,13
EVGEN/EXCLUSIVE/DIFFRACTIVE_PHI_ABCONV/Sartre/Incoherent/sartre_bnonsat_Au_phi_ab_eAu_2_094.hepmc.gz,10000,13
EVGEN/EXCLUSIVE/DIFFRACTIVE_PHI_ABCONV/Sartre/Incoherent/sartre_bnonsat_Au_phi_ab_eAu_2_095.hepmc.gz,10000,13
EVGEN/EXCLUSIVE/DIFFRACTIVE_PHI_ABCONV/Sartre/Incoherent/sartre_bnonsat_Au_phi_ab_eAu_2_096.hepmc.gz,10000,13
EVGEN/EXCLUSIVE/DIFFRACTIVE_PHI_ABCONV/Sartre/Incoherent/sartre_bnonsat_Au_phi_ab_eAu_2_097.hepmc.gz,10000,13
EVGEN/EXCLUSIVE/DIFFRACTIVE_PHI_ABCONV/Sartre/Incoherent/sartre_bnonsat_Au_phi_ab_eAu_2_098.hepmc.gz,10000,13
EVGEN/EXCLUSIVE/DIFFRACTIVE_PHI_ABCONV/Sartre/Incoherent/sartre_bnonsat_Au_phi_ab_eAu_2_099.hepmc.gz,10000,13
EVGEN/EXCLUSIVE/DIFFRACTIVE_PHI_ABCONV/Sartre/Incoherent/sartre_bnonsat_Au_phi_ab_eAu_2_100.hepmc.gz,10000,13
EVGEN/EXCLUSIVE/DIFFRACTIVE_PHI_ABCONV/Sartre/Incoherent/sartre_bnonsat_Au_phi_ab_eAu_2_101.hepmc.gz,10000,13
EVGEN/EXCLUSIVE/DIFFRACTIVE_PHI_ABCONV/Sartre/Incoherent/sartre_bnonsat_Au_phi_ab_eAu_2_102.hepmc.gz,10000,13
EVGEN/EXCLUSIVE/DIFFRACTIVE_PHI_ABCONV/Sartre/Incoherent/sartre_bnonsat_Au_phi_ab_eAu_2_103.hepmc.gz,10000,13
EVGEN/EXCLUSIVE/DIFFRACTIVE_PHI_ABCONV/Sartre/Incoherent/sartre_bnonsat_Au_phi_ab_eAu_2_104.hepmc.gz,10000,13
EVGEN/EXCLUSIVE/DIFFRACTIVE_PHI_ABCONV/Sartre/Incoherent/sartre_bnonsat_Au_phi_ab_eAu_2_105.hepmc.gz,10000,13
EVGEN/EXCLUSIVE/DIFFRACTIVE_PHI_ABCONV/Sartre/Incoherent/sartre_bnonsat_Au_phi_ab_eAu_2_106.hepmc.gz,10000,13
EVGEN/EXCLUSIVE/DIFFRACTIVE_PHI_ABCONV/Sartre/Incoherent/sartre_bnonsat_Au_phi_ab_eAu_2_107.hepmc.gz,10000,13
EVGEN/EXCLUSIVE/DIFFRACTIVE_PHI_ABCONV/Sartre/Incoherent/sartre_bnonsat_Au_phi_ab_eAu_2_108.hepmc.gz,10000,13
EVGEN/EXCLUSIVE/DIFFRACTIVE_PHI_ABCONV/Sartre/Incoherent/sartre_bnonsat_Au_phi_ab_eAu_2_109.hepmc.gz,10000,13
EVGEN/EXCLUSIVE/DIFFRACTIVE_PHI_ABCONV/Sartre/Incoherent/sartre_bnonsat_Au_phi_ab_eAu_2_110.hepmc.gz,10000,13
EVGEN/EXCLUSIVE/DIFFRACTIVE_PHI_ABCONV/Sartre/Incoherent/sartre_bnonsat_Au_phi_ab_eAu_2_111.hepmc.gz,10000,13
EVGEN/EXCLUSIVE/DIFFRACTIVE_PHI_ABCONV/Sartre/Incoherent/sartre_bnonsat_Au_phi_ab_eAu_2_112.hepmc.gz,10000,13
EVGEN/EXCLUSIVE/DIFFRACTIVE_PHI_ABCONV/Sartre/Incoherent/sartre_bnonsat_Au_phi_ab_eAu_2_113.hepmc.gz,10000,13
EVGEN/EXCLUSIVE/DIFFRACTIVE_PHI_ABCONV/Sartre/Incoherent/sartre_bnonsat_Au_phi_ab_eAu_2_114.hepmc.gz,10000,13
EVGEN/EXCLUSIVE/DIFFRACTIVE_PHI_ABCONV/Sartre/Incoherent/sartre_bnonsat_Au_phi_ab_eAu_2_115.hepmc.gz,10000,13
EVGEN/EXCLUSIVE/DIFFRACTIVE_PHI_ABCONV/Sartre/Incoherent/sartre_bnonsat_Au_phi_ab_eAu_2_116.hepmc.gz,10000,13
EVGEN/EXCLUSIVE/DIFFRACTIVE_PHI_ABCONV/Sartre/Incoherent/sartre_bnonsat_Au_phi_ab_eAu_2_117.hepmc.gz,10000,13
EVGEN/EXCLUSIVE/DIFFRACTIVE_PHI_ABCONV/Sartre/Incoherent/sartre_bnonsat_Au_phi_ab_eAu_2_118.hepmc.gz,10000,13
EVGEN/EXCLUSIVE/DIFFRACTIVE_PHI_ABCONV/Sartre/Incoherent/sartre_bnonsat_Au_phi_ab_eAu_2_119.hepmc.gz,10000,13
EVGEN/EXCLUSIVE/DIFFRACTIVE_PHI_ABCONV/Sartre/Incoherent/sartre_bnonsat_Au_phi_ab_eAu_2_120.hepmc.gz,10000,13
EVGEN/EXCLUSIVE/DIFFRACTIVE_PHI_ABCONV/Sartre/Incoherent/sartre_bnonsat_Au_phi_ab_eAu_2_121.hepmc.gz,10000,13
EVGEN/EXCLUSIVE/DIFFRACTIVE_PHI_ABCONV/Sartre/Incoherent/sartre_bnonsat_Au_phi_ab_eAu_2_122.hepmc.gz,10000,13
EVGEN/EXCLUSIVE/DIFFRACTIVE_PHI_ABCONV/Sartre/Incoherent/sartre_bnonsat_Au_phi_ab_eAu_2_123.hepmc.gz,10000,13
EVGEN/EXCLUSIVE/DIFFRACTIVE_PHI_ABCONV/Sartre/Incoherent/sartre_bnonsat_Au_phi_ab_eAu_2_124.hepmc.gz,10000,13
EVGEN/EXCLUSIVE/DIFFRACTIVE_PHI_ABCONV/Sartre/Incoherent/sartre_bnonsat_Au_phi_ab_eAu_2_125.hepmc.gz,10000,13
EVGEN/EXCLUSIVE/DIFFRACTIVE_PHI_ABCONV/Sartre/Incoherent/sartre_bnonsat_Au_phi_ab_eAu_2_126.hepmc.gz,10000,13
EVGEN/EXCLUSIVE/DIFFRACTIVE_PHI_ABCONV/Sartre/Incoherent/sartre_bnonsat_Au_phi_ab_eAu_2_127.hepmc.gz,10000,13
EVGEN/EXCLUSIVE/DIFFRACTIVE_PHI_ABCONV/Sartre/Incoherent/sartre_bnonsat_Au_phi_ab_eAu_2_128.hepmc.gz,10000,13
EVGEN/EXCLUSIVE/DIFFRACTIVE_PHI_ABCONV/Sartre/Incoherent/sartre_bnonsat_Au_phi_ab_eAu_2_129.hepmc.gz,10000,13
EVGEN/EXCLUSIVE/DIFFRACTIVE_PHI_ABCONV/Sartre/Incoherent/sartre_bnonsat_Au_phi_ab_eAu_2_130.hepmc.gz,10000,13
EVGEN/EXCLUSIVE/DIFFRACTIVE_PHI_ABCONV/Sartre/Incoherent/sartre_bnonsat_Au_phi_ab_eAu_2_131.hepmc.gz,10000,13
EVGEN/EXCLUSIVE/DIFFRACTIVE_PHI_ABCONV/Sartre/Incoherent/sartre_bnonsat_Au_phi_ab_eAu_2_132.hepmc.gz,10000,13
EVGEN/EXCLUSIVE/DIFFRACTIVE_PHI_ABCONV/Sartre/Incoherent/sartre_bnonsat_Au_phi_ab_eAu_2_133.hepmc.gz,10000,13
EVGEN/EXCLUSIVE/DIFFRACTIVE_PHI_ABCONV/Sartre/Incoherent/sartre_bnonsat_Au_phi_ab_eAu_2_134.hepmc.gz,10000,13
EVGEN/EXCLUSIVE/DIFFRACTIVE_PHI_ABCONV/Sartre/Incoherent/sartre_bnonsat_Au_phi_ab_eAu_2_135.hepmc.gz,10000,13
EVGEN/EXCLUSIVE/DIFFRACTIVE_PHI_ABCONV/Sartre/Incoherent/sartre_bnonsat_Au_phi_ab_eAu_2_136.hepmc.gz,10000,13
EVGEN/EXCLUSIVE/DIFFRACTIVE_PHI_ABCONV/Sartre/Incoherent/sartre_bnonsat_Au_phi_ab_eAu_2_137.hepmc.gz,10000,13
EVGEN/EXCLUSIVE/DIFFRACTIVE_PHI_ABCONV/Sartre/Incoherent/sartre_bnonsat_Au_phi_ab_eAu_2_138.hepmc.gz,10000,13
EVGEN/EXCLUSIVE/DIFFRACTIVE_PHI_ABCONV/Sartre/Incoherent/sartre_bnonsat_Au_phi_ab_eAu_2_139.hepmc.gz,10000,13
EVGEN/EXCLUSIVE/DIFFRACTIVE_PHI_ABCONV/Sartre/Incoherent/sartre_bnonsat_Au_phi_ab_eAu_2_140.hepmc.gz,10000,13
EVGEN/EXCLUSIVE/DIFFRACTIVE_PHI_ABCONV/Sartre/Incoherent/sartre_bnonsat_Au_phi_ab_eAu_2_141.hepmc.gz,10000,13
EVGEN/EXCLUSIVE/DIFFRACTIVE_PHI_ABCONV/Sartre/Incoherent/sartre_bnonsat_Au_phi_ab_eAu_2_142.hepmc.gz,10000,13
EVGEN/EXCLUSIVE/DIFFRACTIVE_PHI_ABCONV/Sartre/Incoherent/sartre_bnonsat_Au_phi_ab_eAu_2_143.hepmc.gz,10000,13
EVGEN/EXCLUSIVE/DIFFRACTIVE_PHI_ABCONV/Sartre/Incoherent/sartre_bnonsat_Au_phi_ab_eAu_2_144.hepmc.gz,10000,13
EVGEN/EXCLUSIVE/DIFFRACTIVE_PHI_ABCONV/Sartre/Incoherent/sartre_bnonsat_Au_phi_ab_eAu_2_145.hepmc.gz,10000,13
EVGEN/EXCLUSIVE/DIFFRACTIVE_PHI_ABCONV/Sartre/Incoherent/sartre_bnonsat_Au_phi_ab_eAu_2_146.hepmc.gz,10000,13
EVGEN/EXCLUSIVE/DIFFRACTIVE_PHI_ABCONV/Sartre/Incoherent/sartre_bnonsat_Au_phi_ab_eAu_2_147.hepmc.gz,10000,13
EVGEN/EXCLUSIVE/DIFFRACTIVE_PHI_ABCONV/Sartre/Incoherent/sartre_bnonsat_Au_phi_ab_eAu_2_148.hepmc.gz,10000,13
EVGEN/EXCLUSIVE/DIFFRACTIVE_PHI_ABCONV/Sartre/Incoherent/sartre_bnonsat_Au_phi_ab_eAu_2_149.hepmc.gz,10000,13
EVGEN/EXCLUSIVE/DIFFRACTIVE_PHI_ABCONV/Sartre/Incoherent/sartre_bnonsat_Au_phi_ab_eAu_2_150.hepmc.gz,10000,13
EVGEN/EXCLUSIVE/DIFFRACTIVE_PHI_ABCONV/Sartre/Incoherent/sartre_bnonsat_Au_phi_ab_eAu_2_151.hepmc.gz,10000,13
EVGEN/EXCLUSIVE/DIFFRACTIVE_PHI_ABCONV/Sartre/Incoherent/sartre_bnonsat_Au_phi_ab_eAu_2_152.hepmc.gz,10000,13
EVGEN/EXCLUSIVE/DIFFRACTIVE_PHI_ABCONV/Sartre/Incoherent/sartre_bnonsat_Au_phi_ab_eAu_2_153.hepmc.gz,10000,13
EVGEN/EXCLUSIVE/DIFFRACTIVE_PHI_ABCONV/Sartre/Incoherent/sartre_bnonsat_Au_phi_ab_eAu_2_154.hepmc.gz,10000,13
EVGEN/EXCLUSIVE/DIFFRACTIVE_PHI_ABCONV/Sartre/Incoherent/sartre_bnonsat_Au_phi_ab_eAu_2_155.hepmc.gz,10000,13
EVGEN/EXCLUSIVE/DIFFRACTIVE_PHI_ABCONV/Sartre/Incoherent/sartre_bnonsat_Au_phi_ab_eAu_2_156.hepmc.gz,10000,13
EVGEN/EXCLUSIVE/DIFFRACTIVE_PHI_ABCONV/Sartre/Incoherent/sartre_bnonsat_Au_phi_ab_eAu_2_157.hepmc.gz,10000,13
EVGEN/EXCLUSIVE/DIFFRACTIVE_PHI_ABCONV/Sartre/Incoherent/sartre_bnonsat_Au_phi_ab_eAu_2_158.hepmc.gz,10000,13
EVGEN/EXCLUSIVE/DIFFRACTIVE_PHI_ABCONV/Sartre/Incoherent/sartre_bnonsat_Au_phi_ab_eAu_2_159.hepmc.gz,10000,13
EVGEN/EXCLUSIVE/DIFFRACTIVE_PHI_ABCONV/Sartre/Incoherent/sartre_bnonsat_Au_phi_ab_eAu_2_160.hepmc.gz,10000,13
EVGEN/EXCLUSIVE/DIFFRACTIVE_PHI_ABCONV/Sartre/Incoherent/sartre_bnonsat_Au_phi_ab_eAu_2_161.hepmc.gz,10000,13
EVGEN/EXCLUSIVE/DIFFRACTIVE_PHI_ABCONV/Sartre/Incoherent/sartre_bnonsat_Au_phi_ab_eAu_2_162.hepmc.gz,10000,13
EVGEN/EXCLUSIVE/DIFFRACTIVE_PHI_ABCONV/Sartre/Incoherent/sartre_bnonsat_Au_phi_ab_eAu_2_163.hepmc.gz,10000,13
EVGEN/EXCLUSIVE/DIFFRACTIVE_PHI_ABCONV/Sartre/Incoherent/sartre_bnonsat_Au_phi_ab_eAu_2_164.hepmc.gz,10000,13
EVGEN/EXCLUSIVE/DIFFRACTIVE_PHI_ABCONV/Sartre/Incoherent/sartre_bnonsat_Au_phi_ab_eAu_2_165.hepmc.gz,10000,13
EVGEN/EXCLUSIVE/DIFFRACTIVE_PHI_ABCONV/Sartre/Incoherent/sartre_bnonsat_Au_phi_ab_eAu_2_166.hepmc.gz,10000,13
EVGEN/EXCLUSIVE/DIFFRACTIVE_PHI_ABCONV/Sartre/Incoherent/sartre_bnonsat_Au_phi_ab_eAu_2_167.hepmc.gz,10000,13
EVGEN/EXCLUSIVE/DIFFRACTIVE_PHI_ABCONV/Sartre/Incoherent/sartre_bnonsat_Au_phi_ab_eAu_2_168.hepmc.gz,10000,13
EVGEN/EXCLUSIVE/DIFFRACTIVE_PHI_ABCONV/Sartre/Incoherent/sartre_bnonsat_Au_phi_ab_eAu_2_169.hepmc.gz,10000,13
EVGEN/EXCLUSIVE/DIFFRACTIVE_PHI_ABCONV/Sartre/Incoherent/sartre_bnonsat_Au_phi_ab_eAu_2_170.hepmc.gz,10000,13
EVGEN/EXCLUSIVE/DIFFRACTIVE_PHI_ABCONV/Sartre/Incoherent/sartre_bnonsat_Au_phi_ab_eAu_2_171.hepmc.gz,10000,13
EVGEN/EXCLUSIVE/DIFFRACTIVE_PHI_ABCONV/Sartre/Incoherent/sartre_bnonsat_Au_phi_ab_eAu_2_172.hepmc.gz,10000,13
EVGEN/EXCLUSIVE/DIFFRACTIVE_PHI_ABCONV/Sartre/Incoherent/sartre_bnonsat_Au_phi_ab_eAu_2_173.hepmc.gz,10000,13
EVGEN/EXCLUSIVE/DIFFRACTIVE_PHI_ABCONV/Sartre/Incoherent/sartre_bnonsat_Au_phi_ab_eAu_2_174.hepmc.gz,10000,13
EVGEN/EXCLUSIVE/DIFFRACTIVE_PHI_ABCONV/Sartre/Incoherent/sartre_bnonsat_Au_phi_ab_eAu_2_175.hepmc.gz,10000,13
EVGEN/EXCLUSIVE/DIFFRACTIVE_PHI_ABCONV/Sartre/Incoherent/sartre_bnonsat_Au_phi_ab_eAu_2_176.hepmc.gz,10000,13
EVGEN/EXCLUSIVE/DIFFRACTIVE_PHI_ABCONV/Sartre/Incoherent/sartre_bnonsat_Au_phi_ab_eAu_2_177.hepmc.gz,10000,13
EVGEN/EXCLUSIVE/DIFFRACTIVE_PHI_ABCONV/Sartre/Incoherent/sartre_bnonsat_Au_phi_ab_eAu_2_178.hepmc.gz,10000,13
EVGEN/EXCLUSIVE/DIFFRACTIVE_PHI_ABCONV/Sartre/Incoherent/sartre_bnonsat_Au_phi_ab_eAu_2_179.hepmc.gz,10000,13
EVGEN/EXCLUSIVE/DIFFRACTIVE_PHI_ABCONV/Sartre/Incoherent/sartre_bnonsat_Au_phi_ab_eAu_2_180.hepmc.gz,10000,13
EVGEN/EXCLUSIVE/DIFFRACTIVE_PHI_ABCONV/Sartre/Incoherent/sartre_bnonsat_Au_phi_ab_eAu_2_181.hepmc.gz,10000,13
EVGEN/EXCLUSIVE/DIFFRACTIVE_PHI_ABCONV/Sartre/Incoherent/sartre_bnonsat_Au_phi_ab_eAu_2_182.hepmc.gz,10000,13
EVGEN/EXCLUSIVE/DIFFRACTIVE_PHI_ABCONV/Sartre/Incoherent/sartre_bnonsat_Au_phi_ab_eAu_2_183.hepmc.gz,10000,13
EVGEN/EXCLUSIVE/DIFFRACTIVE_PHI_ABCONV/Sartre/Incoherent/sartre_bnonsat_Au_phi_ab_eAu_2_184.hepmc.gz,10000,13
EVGEN/EXCLUSIVE/DIFFRACTIVE_PHI_ABCONV/Sartre/Incoherent/sartre_bnonsat_Au_phi_ab_eAu_2_185.hepmc.gz,10000,13
EVGEN/EXCLUSIVE/DIFFRACTIVE_PHI_ABCONV/Sartre/Incoherent/sartre_bnonsat_Au_phi_ab_eAu_2_186.hepmc.gz,10000,13
EVGEN/EXCLUSIVE/DIFFRACTIVE_PHI_ABCONV/Sartre/Incoherent/sartre_bnonsat_Au_phi_ab_eAu_2_187.hepmc.gz,10000,13
EVGEN/EXCLUSIVE/DIFFRACTIVE_PHI_ABCONV/Sartre/Incoherent/sartre_bnonsat_Au_phi_ab_eAu_2_188.hepmc.gz,10000,13
EVGEN/EXCLUSIVE/DIFFRACTIVE_PHI_ABCONV/Sartre/Incoherent/sartre_bnonsat_Au_phi_ab_eAu_2_189.hepmc.gz,10000,13
EVGEN/EXCLUSIVE/DIFFRACTIVE_PHI_ABCONV/Sartre/Incoherent/sartre_bnonsat_Au_phi_ab_eAu_2_190.hepmc.gz,10000,13
EVGEN/EXCLUSIVE/DIFFRACTIVE_PHI_ABCONV/Sartre/Incoherent/sartre_bnonsat_Au_phi_ab_eAu_2_191.hepmc.gz,10000,13
EVGEN/EXCLUSIVE/DIFFRACTIVE_PHI_ABCONV/Sartre/Incoherent/sartre_bnonsat_Au_phi_ab_eAu_2_192.hepmc.gz,10000,13
EVGEN/EXCLUSIVE/DIFFRACTIVE_PHI_ABCONV/Sartre/Incoherent/sartre_bnonsat_Au_phi_ab_eAu_2_193.hepmc.gz,10000,13
EVGEN/EXCLUSIVE/DIFFRACTIVE_PHI_ABCONV/Sartre/Incoherent/sartre_bnonsat_Au_phi_ab_eAu_2_194.hepmc.gz,10000,13
EVGEN/EXCLUSIVE/DIFFRACTIVE_PHI_ABCONV/Sartre/Incoherent/sartre_bnonsat_Au_phi_ab_eAu_2_195.hepmc.gz,10000,13
EVGEN/EXCLUSIVE/DIFFRACTIVE_PHI_ABCONV/Sartre/Incoherent/sartre_bnonsat_Au_phi_ab_eAu_2_196.hepmc.gz,10000,13
EVGEN/EXCLUSIVE/DIFFRACTIVE_PHI_ABCONV/Sartre/Incoherent/sartre_bnonsat_Au_phi_ab_eAu_2_197.hepmc.gz,10000,13
EVGEN/EXCLUSIVE/DIFFRACTIVE_PHI_ABCONV/Sartre/Incoherent/sartre_bnonsat_Au_phi_ab_eAu_2_198.hepmc.gz,10000,13
EVGEN/EXCLUSIVE/DIFFRACTIVE_PHI_ABCONV/Sartre/Incoherent/sartre_bnonsat_Au_phi_ab_eAu_2_199.hepmc.gz,10000,13
EVGEN/EXCLUSIVE/DIFFRACTIVE_PHI_ABCONV/Sartre/Incoherent/sartre_bnonsat_Au_phi_ab_eAu_2_200.hepmc.gz,10000,13
EVGEN/EXCLUSIVE/DIFFRACTIVE_PHI_ABCONV/Sartre/Incoherent/sartre_bnonsat_Au_phi_ab_eAu_2_201.hepmc.gz,10000,13
EVGEN/EXCLUSIVE/DIFFRACTIVE_PHI_ABCONV/Sartre/Incoherent/sartre_bnonsat_Au_phi_ab_eAu_2_202.hepmc.gz,10000,13
EVGEN/EXCLUSIVE/DIFFRACTIVE_PHI_ABCONV/Sartre/Incoherent/sartre_bnonsat_Au_phi_ab_eAu_2_203.hepmc.gz,10000,13
EVGEN/EXCLUSIVE/DIFFRACTIVE_PHI_ABCONV/Sartre/Incoherent/sartre_bnonsat_Au_phi_ab_eAu_2_204.hepmc.gz,10000,13
EVGEN/EXCLUSIVE/DIFFRACTIVE_PHI_ABCONV/Sartre/Incoherent/sartre_bnonsat_Au_phi_ab_eAu_2_205.hepmc.gz,10000,13
EVGEN/EXCLUSIVE/DIFFRACTIVE_PHI_ABCONV/Sartre/Incoherent/sartre_bnonsat_Au_phi_ab_eAu_2_206.hepmc.gz,10000,13
EVGEN/EXCLUSIVE/DIFFRACTIVE_PHI_ABCONV/Sartre/Incoherent/sartre_bnonsat_Au_phi_ab_eAu_2_207.hepmc.gz,10000,13
EVGEN/EXCLUSIVE/DIFFRACTIVE_PHI_ABCONV/Sartre/Incoherent/sartre_bnonsat_Au_phi_ab_eAu_2_208.hepmc.gz,10000,13
EVGEN/EXCLUSIVE/DIFFRACTIVE_PHI_ABCONV/Sartre/Incoherent/sartre_bnonsat_Au_phi_ab_eAu_2_209.hepmc.gz,10000,13
EVGEN/EXCLUSIVE/DIFFRACTIVE_PHI_ABCONV/Sartre/Incoherent/sartre_bnonsat_Au_phi_ab_eAu_2_210.hepmc.gz,10000,13
EVGEN/EXCLUSIVE/DIFFRACTIVE_PHI_ABCONV/Sartre/Incoherent/sartre_bnonsat_Au_phi_ab_eAu_2_211.hepmc.gz,10000,13
EVGEN/EXCLUSIVE/DIFFRACTIVE_PHI_ABCONV/Sartre/Incoherent/sartre_bnonsat_Au_phi_ab_eAu_2_212.hepmc.gz,10000,13
EVGEN/EXCLUSIVE/DIFFRACTIVE_PHI_ABCONV/Sartre/Incoherent/sartre_bnonsat_Au_phi_ab_eAu_2_213.hepmc.gz,10000,13
EVGEN/EXCLUSIVE/DIFFRACTIVE_PHI_ABCONV/Sartre/Incoherent/sartre_bnonsat_Au_phi_ab_eAu_2_214.hepmc.gz,10000,13
EVGEN/EXCLUSIVE/DIFFRACTIVE_PHI_ABCONV/Sartre/Incoherent/sartre_bnonsat_Au_phi_ab_eAu_2_215.hepmc.gz,10000,13
EVGEN/EXCLUSIVE/DIFFRACTIVE_PHI_ABCONV/Sartre/Incoherent/sartre_bnonsat_Au_phi_ab_eAu_2_216.hepmc.gz,10000,13
EVGEN/EXCLUSIVE/DIFFRACTIVE_PHI_ABCONV/Sartre/Incoherent/sartre_bnonsat_Au_phi_ab_eAu_2_217.hepmc.gz,10000,13
EVGEN/EXCLUSIVE/DIFFRACTIVE_PHI_ABCONV/Sartre/Incoherent/sartre_bnonsat_Au_phi_ab_eAu_2_218.hepmc.gz,10000,13
EVGEN/EXCLUSIVE/DIFFRACTIVE_PHI_ABCONV/Sartre/Incoherent/sartre_bnonsat_Au_phi_ab_eAu_2_219.hepmc.gz,10000,13
EVGEN/EXCLUSIVE/DIFFRACTIVE_PHI_ABCONV/Sartre/Incoherent/sartre_bnonsat_Au_phi_ab_eAu_2_220.hepmc.gz,10000,13
EVGEN/EXCLUSIVE/DIFFRACTIVE_PHI_ABCONV/Sartre/Incoherent/sartre_bnonsat_Au_phi_ab_eAu_2_221.hepmc.gz,10000,13
EVGEN/EXCLUSIVE/DIFFRACTIVE_PHI_ABCONV/Sartre/Incoherent/sartre_bnonsat_Au_phi_ab_eAu_2_222.hepmc.gz,10000,13
EVGEN/EXCLUSIVE/DIFFRACTIVE_PHI_ABCONV/Sartre/Incoherent/sartre_bnonsat_Au_phi_ab_eAu_2_223.hepmc.gz,10000,13
EVGEN/EXCLUSIVE/DIFFRACTIVE_PHI_ABCONV/Sartre/Incoherent/sartre_bnonsat_Au_phi_ab_eAu_2_224.hepmc.gz,10000,13
EVGEN/EXCLUSIVE/DIFFRACTIVE_PHI_ABCONV/Sartre/Incoherent/sartre_bnonsat_Au_phi_ab_eAu_2_225.hepmc.gz,10000,13
EVGEN/EXCLUSIVE/DIFFRACTIVE_PHI_ABCONV/Sartre/Incoherent/sartre_bnonsat_Au_phi_ab_eAu_2_226.hepmc.gz,10000,13
EVGEN/EXCLUSIVE/DIFFRACTIVE_PHI_ABCONV/Sartre/Incoherent/sartre_bnonsat_Au_phi_ab_eAu_2_227.hepmc.gz,10000,13
EVGEN/EXCLUSIVE/DIFFRACTIVE_PHI_ABCONV/Sartre/Incoherent/sartre_bnonsat_Au_phi_ab_eAu_2_228.hepmc.gz,10000,13
EVGEN/EXCLUSIVE/DIFFRACTIVE_PHI_ABCONV/Sartre/Incoherent/sartre_bnonsat_Au_phi_ab_eAu_2_229.hepmc.gz,10000,13
EVGEN/EXCLUSIVE/DIFFRACTIVE_PHI_ABCONV/Sartre/Incoherent/sartre_bnonsat_Au_phi_ab_eAu_2_230.hepmc.gz,10000,13
EVGEN/EXCLUSIVE/DIFFRACTIVE_PHI_ABCONV/Sartre/Incoherent/sartre_bnonsat_Au_phi_ab_eAu_2_231.hepmc.gz,10000,13
EVGEN/EXCLUSIVE/DIFFRACTIVE_PHI_ABCONV/Sartre/Incoherent/sartre_bnonsat_Au_phi_ab_eAu_2_232.hepmc.gz,10000,13
EVGEN/EXCLUSIVE/DIFFRACTIVE_PHI_ABCONV/Sartre/Incoherent/sartre_bnonsat_Au_phi_ab_eAu_2_233.hepmc.gz,10000,13
EVGEN/EXCLUSIVE/DIFFRACTIVE_PHI_ABCONV/Sartre/Incoherent/sartre_bnonsat_Au_phi_ab_eAu_2_234.hepmc.gz,10000,13
EVGEN/EXCLUSIVE/DIFFRACTIVE_PHI_ABCONV/Sartre/Incoherent/sartre_bnonsat_Au_phi_ab_eAu_2_235.hepmc.gz,10000,13
EVGEN/EXCLUSIVE/DIFFRACTIVE_PHI_ABCONV/Sartre/Incoherent/sartre_bnonsat_Au_phi_ab_eAu_2_236.hepmc.gz,10000,13
EVGEN/EXCLUSIVE/DIFFRACTIVE_PHI_ABCONV/Sartre/Incoherent/sartre_bnonsat_Au_phi_ab_eAu_2_237.hepmc.gz,10000,13
EVGEN/EXCLUSIVE/DIFFRACTIVE_PHI_ABCONV/Sartre/Incoherent/sartre_bnonsat_Au_phi_ab_eAu_2_238.hepmc.gz,10000,13
EVGEN/EXCLUSIVE/DIFFRACTIVE_PHI_ABCONV/Sartre/Incoherent/sartre_bnonsat_Au_phi_ab_eAu_2_239.hepmc.gz,10000,13
EVGEN/EXCLUSIVE/DIFFRACTIVE_PHI_ABCONV/Sartre/Incoherent/sartre_bnonsat_Au_phi_ab_eAu_2_240.hepmc.gz,10000,13
EVGEN/EXCLUSIVE/DIFFRACTIVE_PHI_ABCONV/Sartre/Incoherent/sartre_bnonsat_Au_phi_ab_eAu_2_241.hepmc.gz,10000,13
EVGEN/EXCLUSIVE/DIFFRACTIVE_PHI_ABCONV/Sartre/Incoherent/sartre_bnonsat_Au_phi_ab_eAu_2_242.hepmc.gz,10000,13
EVGEN/EXCLUSIVE/DIFFRACTIVE_PHI_ABCONV/Sartre/Incoherent/sartre_bnonsat_Au_phi_ab_eAu_2_243.hepmc.gz,10000,13
EVGEN/EXCLUSIVE/DIFFRACTIVE_PHI_ABCONV/Sartre/Incoherent/sartre_bnonsat_Au_phi_ab_eAu_2_244.hepmc.gz,10000,13
EVGEN/EXCLUSIVE/DIFFRACTIVE_PHI_ABCONV/Sartre/Incoherent/sartre_bnonsat_Au_phi_ab_eAu_2_245.hepmc.gz,10000,13
EVGEN/EXCLUSIVE/DIFFRACTIVE_PHI_ABCONV/Sartre/Incoherent/sartre_bnonsat_Au_phi_ab_eAu_2_246.hepmc.gz,10000,13
EVGEN/EXCLUSIVE/DIFFRACTIVE_PHI_ABCONV/Sartre/Incoherent/sartre_bnonsat_Au_phi_ab_eAu_2_247.hepmc.gz,10000,13
EVGEN/EXCLUSIVE/DIFFRACTIVE_PHI_ABCONV/Sartre/Incoherent/sartre_bnonsat_Au_phi_ab_eAu_2_248.hepmc.gz,10000,13
EVGEN/EXCLUSIVE/DIFFRACTIVE_PHI_ABCONV/Sartre/Incoherent/sartre_bnonsat_Au_phi_ab_eAu_2_249.hepmc.gz,10000,13
EVGEN/EXCLUSIVE/DIFFRACTIVE_PHI_ABCONV/Sartre/Incoherent/sartre_bnonsat_Au_phi_ab_eAu_2_250.hepmc.gz,10000,13
EVGEN/EXCLUSIVE/DIFFRACTIVE_PHI_ABCONV/Sartre/Incoherent/sartre_bnonsat_Au_phi_ab_eAu_2_251.hepmc.gz,10000,13
EVGEN/EXCLUSIVE/DIFFRACTIVE_PHI_ABCONV/Sartre/Incoherent/sartre_bnonsat_Au_phi_ab_eAu_2_252.hepmc.gz,10000,13
EVGEN/EXCLUSIVE/DIFFRACTIVE_PHI_ABCONV/Sartre/Incoherent/sartre_bnonsat_Au_phi_ab_eAu_2_253.hepmc.gz,10000,13
EVGEN/EXCLUSIVE/DIFFRACTIVE_PHI_ABCONV/Sartre/Incoherent/sartre_bnonsat_Au_phi_ab_eAu_2_254.hepmc.gz,10000,13
EVGEN/EXCLUSIVE/DIFFRACTIVE_PHI_ABCONV/Sartre/Incoherent/sartre_bnonsat_Au_phi_ab_eAu_2_255.hepmc.gz,10000,13
EVGEN/EXCLUSIVE/DIFFRACTIVE_PHI_ABCONV/Sartre/Incoherent/sartre_bnonsat_Au_phi_ab_eAu_2_256.hepmc.gz,10000,13
EVGEN/EXCLUSIVE/DIFFRACTIVE_PHI_ABCONV/Sartre/Incoherent/sartre_bnonsat_Au_phi_ab_eAu_2_257.hepmc.gz,10000,13
EVGEN/EXCLUSIVE/DIFFRACTIVE_PHI_ABCONV/Sartre/Incoherent/sartre_bnonsat_Au_phi_ab_eAu_2_258.hepmc.gz,10000,13
EVGEN/EXCLUSIVE/DIFFRACTIVE_PHI_ABCONV/Sartre/Incoherent/sartre_bnonsat_Au_phi_ab_eAu_2_259.hepmc.gz,10000,13
EVGEN/EXCLUSIVE/DIFFRACTIVE_PHI_ABCONV/Sartre/Incoherent/sartre_bnonsat_Au_phi_ab_eAu_2_260.hepmc.gz,10000,13
EVGEN/EXCLUSIVE/DIFFRACTIVE_PHI_ABCONV/Sartre/Incoherent/sartre_bnonsat_Au_phi_ab_eAu_2_261.hepmc.gz,10000,13
EVGEN/EXCLUSIVE/DIFFRACTIVE_PHI_ABCONV/Sartre/Incoherent/sartre_bnonsat_Au_phi_ab_eAu_2_262.hepmc.gz,10000,13
EVGEN/EXCLUSIVE/DIFFRACTIVE_PHI_ABCONV/Sartre/Incoherent/sartre_bnonsat_Au_phi_ab_eAu_2_263.hepmc.gz,10000,13
EVGEN/EXCLUSIVE/DIFFRACTIVE_PHI_ABCONV/Sartre/Incoherent/sartre_bnonsat_Au_phi_ab_eAu_2_264.hepmc.gz,10000,13
EVGEN/EXCLUSIVE/DIFFRACTIVE_PHI_ABCONV/Sartre/Incoherent/sartre_bnonsat_Au_phi_ab_eAu_2_265.hepmc.gz,10000,13
EVGEN/EXCLUSIVE/DIFFRACTIVE_PHI_ABCONV/Sartre/Incoherent/sartre_bnonsat_Au_phi_ab_eAu_2_266.hepmc.gz,10000,13
EVGEN/EXCLUSIVE/DIFFRACTIVE_PHI_ABCONV/Sartre/Incoherent/sartre_bnonsat_Au_phi_ab_eAu_2_267.hepmc.gz,10000,13
EVGEN/EXCLUSIVE/DIFFRACTIVE_PHI_ABCONV/Sartre/Incoherent/sartre_bnonsat_Au_phi_ab_eAu_2_268.hepmc.gz,10000,13
EVGEN/EXCLUSIVE/DIFFRACTIVE_PHI_ABCONV/Sartre/Incoherent/sartre_bnonsat_Au_phi_ab_eAu_2_269.hepmc.gz,10000,13
EVGEN/EXCLUSIVE/DIFFRACTIVE_PHI_ABCONV/Sartre/Incoherent/sartre_bnonsat_Au_phi_ab_eAu_2_270.hepmc.gz,10000,13
EVGEN/EXCLUSIVE/DIFFRACTIVE_PHI_ABCONV/Sartre/Incoherent/sartre_bnonsat_Au_phi_ab_eAu_2_271.hepmc.gz,10000,13
EVGEN/EXCLUSIVE/DIFFRACTIVE_PHI_ABCONV/Sartre/Incoherent/sartre_bnonsat_Au_phi_ab_eAu_2_272.hepmc.gz,10000,13
EVGEN/EXCLUSIVE/DIFFRACTIVE_PHI_ABCONV/Sartre/Incoherent/sartre_bnonsat_Au_phi_ab_eAu_2_273.hepmc.gz,10000,13
EVGEN/EXCLUSIVE/DIFFRACTIVE_PHI_ABCONV/Sartre/Incoherent/sartre_bnonsat_Au_phi_ab_eAu_2_274.hepmc.gz,10000,13
EVGEN/EXCLUSIVE/DIFFRACTIVE_PHI_ABCONV/Sartre/Incoherent/sartre_bnonsat_Au_phi_ab_eAu_2_275.hepmc.gz,10000,13
EVGEN/EXCLUSIVE/DIFFRACTIVE_PHI_ABCONV/Sartre/Incoherent/sartre_bnonsat_Au_phi_ab_eAu_2_276.hepmc.gz,10000,13
EVGEN/EXCLUSIVE/DIFFRACTIVE_PHI_ABCONV/Sartre/Incoherent/sartre_bnonsat_Au_phi_ab_eAu_2_277.hepmc.gz,10000,13
EVGEN/EXCLUSIVE/DIFFRACTIVE_PHI_ABCONV/Sartre/Incoherent/sartre_bnonsat_Au_phi_ab_eAu_2_278.hepmc.gz,10000,13
EVGEN/EXCLUSIVE/DIFFRACTIVE_PHI_ABCONV/Sartre/Incoherent/sartre_bnonsat_Au_phi_ab_eAu_2_279.hepmc.gz,10000,13
EVGEN/EXCLUSIVE/DIFFRACTIVE_PHI_ABCONV/Sartre/Incoherent/sartre_bnonsat_Au_phi_ab_eAu_2_280.hepmc.gz,10000,13
