EVGEN/DIS/NC/5x100/minQ2=1000/pythia8NCDIS_5x100_minQ2=1000_beamEffects_xAngle=-0.025_hiDiv_vtxfix_1_000.hepmc.gz,10000,120
EVGEN/DIS/NC/5x100/minQ2=1000/pythia8NCDIS_5x100_minQ2=1000_beamEffects_xAngle=-0.025_hiDiv_vtxfix_1_001.hepmc.gz,10000,120
EVGEN/DIS/NC/5x100/minQ2=1000/pythia8NCDIS_5x100_minQ2=1000_beamEffects_xAngle=-0.025_hiDiv_vtxfix_1_002.hepmc.gz,10000,120
EVGEN/DIS/NC/5x100/minQ2=1000/pythia8NCDIS_5x100_minQ2=1000_beamEffects_xAngle=-0.025_hiDiv_vtxfix_1_003.hepmc.gz,10000,120
EVGEN/DIS/NC/5x100/minQ2=1000/pythia8NCDIS_5x100_minQ2=1000_beamEffects_xAngle=-0.025_hiDiv_vtxfix_1_004.hepmc.gz,10000,120
EVGEN/DIS/NC/5x100/minQ2=1000/pythia8NCDIS_5x100_minQ2=1000_beamEffects_xAngle=-0.025_hiDiv_vtxfix_1_005.hepmc.gz,10000,120
EVGEN/DIS/NC/5x100/minQ2=1000/pythia8NCDIS_5x100_minQ2=1000_beamEffects_xAngle=-0.025_hiDiv_vtxfix_1_006.hepmc.gz,10000,120
EVGEN/DIS/NC/5x100/minQ2=1000/pythia8NCDIS_5x100_minQ2=1000_beamEffects_xAngle=-0.025_hiDiv_vtxfix_1_007.hepmc.gz,10000,120
EVGEN/DIS/NC/5x100/minQ2=1000/pythia8NCDIS_5x100_minQ2=1000_beamEffects_xAngle=-0.025_hiDiv_vtxfix_1_008.hepmc.gz,10000,120
EVGEN/DIS/NC/5x100/minQ2=1000/pythia8NCDIS_5x100_minQ2=1000_beamEffects_xAngle=-0.025_hiDiv_vtxfix_1_009.hepmc.gz,10000,120
EVGEN/DIS/NC/5x100/minQ2=1000/pythia8NCDIS_5x100_minQ2=1000_beamEffects_xAngle=-0.025_hiDiv_vtxfix_1_010.hepmc.gz,10000,120
EVGEN/DIS/NC/5x100/minQ2=1000/pythia8NCDIS_5x100_minQ2=1000_beamEffects_xAngle=-0.025_hiDiv_vtxfix_1_011.hepmc.gz,10000,120
EVGEN/DIS/NC/5x100/minQ2=1000/pythia8NCDIS_5x100_minQ2=1000_beamEffects_xAngle=-0.025_hiDiv_vtxfix_1_012.hepmc.gz,10000,120
EVGEN/DIS/NC/5x100/minQ2=1000/pythia8NCDIS_5x100_minQ2=1000_beamEffects_xAngle=-0.025_hiDiv_vtxfix_1_013.hepmc.gz,10000,120
EVGEN/DIS/NC/5x100/minQ2=1000/pythia8NCDIS_5x100_minQ2=1000_beamEffects_xAngle=-0.025_hiDiv_vtxfix_1_014.hepmc.gz,10000,120
EVGEN/DIS/NC/5x100/minQ2=1000/pythia8NCDIS_5x100_minQ2=1000_beamEffects_xAngle=-0.025_hiDiv_vtxfix_1_015.hepmc.gz,10000,120
EVGEN/DIS/NC/5x100/minQ2=1000/pythia8NCDIS_5x100_minQ2=1000_beamEffects_xAngle=-0.025_hiDiv_vtxfix_1_016.hepmc.gz,10000,120
EVGEN/DIS/NC/5x100/minQ2=1000/pythia8NCDIS_5x100_minQ2=1000_beamEffects_xAngle=-0.025_hiDiv_vtxfix_1_017.hepmc.gz,10000,120
EVGEN/DIS/NC/5x100/minQ2=1000/pythia8NCDIS_5x100_minQ2=1000_beamEffects_xAngle=-0.025_hiDiv_vtxfix_1_018.hepmc.gz,10000,120
EVGEN/DIS/NC/5x100/minQ2=1000/pythia8NCDIS_5x100_minQ2=1000_beamEffects_xAngle=-0.025_hiDiv_vtxfix_1_019.hepmc.gz,10000,120
EVGEN/DIS/NC/5x100/minQ2=1000/pythia8NCDIS_5x100_minQ2=1000_beamEffects_xAngle=-0.025_hiDiv_vtxfix_1_020.hepmc.gz,10000,120
EVGEN/DIS/NC/5x100/minQ2=1000/pythia8NCDIS_5x100_minQ2=1000_beamEffects_xAngle=-0.025_hiDiv_vtxfix_1_021.hepmc.gz,10000,120
EVGEN/DIS/NC/5x100/minQ2=1000/pythia8NCDIS_5x100_minQ2=1000_beamEffects_xAngle=-0.025_hiDiv_vtxfix_1_022.hepmc.gz,10000,120
EVGEN/DIS/NC/5x100/minQ2=1000/pythia8NCDIS_5x100_minQ2=1000_beamEffects_xAngle=-0.025_hiDiv_vtxfix_1_023.hepmc.gz,10000,120
EVGEN/DIS/NC/5x100/minQ2=1000/pythia8NCDIS_5x100_minQ2=1000_beamEffects_xAngle=-0.025_hiDiv_vtxfix_1_024.hepmc.gz,10000,120
EVGEN/DIS/NC/5x100/minQ2=1000/pythia8NCDIS_5x100_minQ2=1000_beamEffects_xAngle=-0.025_hiDiv_vtxfix_1_025.hepmc.gz,10000,120
EVGEN/DIS/NC/5x100/minQ2=1000/pythia8NCDIS_5x100_minQ2=1000_beamEffects_xAngle=-0.025_hiDiv_vtxfix_1_026.hepmc.gz,10000,120
EVGEN/DIS/NC/5x100/minQ2=1000/pythia8NCDIS_5x100_minQ2=1000_beamEffects_xAngle=-0.025_hiDiv_vtxfix_1_027.hepmc.gz,10000,120
EVGEN/DIS/NC/5x100/minQ2=1000/pythia8NCDIS_5x100_minQ2=1000_beamEffects_xAngle=-0.025_hiDiv_vtxfix_1_028.hepmc.gz,10000,120
EVGEN/DIS/NC/5x100/minQ2=1000/pythia8NCDIS_5x100_minQ2=1000_beamEffects_xAngle=-0.025_hiDiv_vtxfix_1_029.hepmc.gz,10000,120
EVGEN/DIS/NC/5x100/minQ2=1000/pythia8NCDIS_5x100_minQ2=1000_beamEffects_xAngle=-0.025_hiDiv_vtxfix_1_030.hepmc.gz,10000,120
EVGEN/DIS/NC/5x100/minQ2=1000/pythia8NCDIS_5x100_minQ2=1000_beamEffects_xAngle=-0.025_hiDiv_vtxfix_1_031.hepmc.gz,10000,120
EVGEN/DIS/NC/5x100/minQ2=1000/pythia8NCDIS_5x100_minQ2=1000_beamEffects_xAngle=-0.025_hiDiv_vtxfix_1_032.hepmc.gz,10000,120
EVGEN/DIS/NC/5x100/minQ2=1000/pythia8NCDIS_5x100_minQ2=1000_beamEffects_xAngle=-0.025_hiDiv_vtxfix_1_033.hepmc.gz,10000,120
EVGEN/DIS/NC/5x100/minQ2=1000/pythia8NCDIS_5x100_minQ2=1000_beamEffects_xAngle=-0.025_hiDiv_vtxfix_1_034.hepmc.gz,10000,120
EVGEN/DIS/NC/5x100/minQ2=1000/pythia8NCDIS_5x100_minQ2=1000_beamEffects_xAngle=-0.025_hiDiv_vtxfix_1_035.hepmc.gz,10000,120
EVGEN/DIS/NC/5x100/minQ2=1000/pythia8NCDIS_5x100_minQ2=1000_beamEffects_xAngle=-0.025_hiDiv_vtxfix_1_036.hepmc.gz,10000,120
EVGEN/DIS/NC/5x100/minQ2=1000/pythia8NCDIS_5x100_minQ2=1000_beamEffects_xAngle=-0.025_hiDiv_vtxfix_1_037.hepmc.gz,10000,120
EVGEN/DIS/NC/5x100/minQ2=1000/pythia8NCDIS_5x100_minQ2=1000_beamEffects_xAngle=-0.025_hiDiv_vtxfix_1_038.hepmc.gz,10000,120
EVGEN/DIS/NC/5x100/minQ2=1000/pythia8NCDIS_5x100_minQ2=1000_beamEffects_xAngle=-0.025_hiDiv_vtxfix_1_039.hepmc.gz,10000,120
EVGEN/DIS/NC/5x100/minQ2=1000/pythia8NCDIS_5x100_minQ2=1000_beamEffects_xAngle=-0.025_hiDiv_vtxfix_1_040.hepmc.gz,10000,120
EVGEN/DIS/NC/5x100/minQ2=1000/pythia8NCDIS_5x100_minQ2=1000_beamEffects_xAngle=-0.025_hiDiv_vtxfix_1_041.hepmc.gz,10000,120
EVGEN/DIS/NC/5x100/minQ2=1000/pythia8NCDIS_5x100_minQ2=1000_beamEffects_xAngle=-0.025_hiDiv_vtxfix_1_042.hepmc.gz,10000,120
EVGEN/DIS/NC/5x100/minQ2=1000/pythia8NCDIS_5x100_minQ2=1000_beamEffects_xAngle=-0.025_hiDiv_vtxfix_1_043.hepmc.gz,10000,120
EVGEN/DIS/NC/5x100/minQ2=1000/pythia8NCDIS_5x100_minQ2=1000_beamEffects_xAngle=-0.025_hiDiv_vtxfix_1_044.hepmc.gz,10000,120
EVGEN/DIS/NC/5x100/minQ2=1000/pythia8NCDIS_5x100_minQ2=1000_beamEffects_xAngle=-0.025_hiDiv_vtxfix_1_045.hepmc.gz,10000,120
EVGEN/DIS/NC/5x100/minQ2=1000/pythia8NCDIS_5x100_minQ2=1000_beamEffects_xAngle=-0.025_hiDiv_vtxfix_1_046.hepmc.gz,10000,120
EVGEN/DIS/NC/5x100/minQ2=1000/pythia8NCDIS_5x100_minQ2=1000_beamEffects_xAngle=-0.025_hiDiv_vtxfix_1_047.hepmc.gz,10000,120
EVGEN/DIS/NC/5x100/minQ2=1000/pythia8NCDIS_5x100_minQ2=1000_beamEffects_xAngle=-0.025_hiDiv_vtxfix_1_048.hepmc.gz,10000,120
EVGEN/DIS/NC/5x100/minQ2=1000/pythia8NCDIS_5x100_minQ2=1000_beamEffects_xAngle=-0.025_hiDiv_vtxfix_1_049.hepmc.gz,10000,120
EVGEN/DIS/NC/5x100/minQ2=1000/pythia8NCDIS_5x100_minQ2=1000_beamEffects_xAngle=-0.025_hiDiv_vtxfix_1_050.hepmc.gz,10000,120
EVGEN/DIS/NC/5x100/minQ2=1000/pythia8NCDIS_5x100_minQ2=1000_beamEffects_xAngle=-0.025_hiDiv_vtxfix_1_051.hepmc.gz,10000,120
EVGEN/DIS/NC/5x100/minQ2=1000/pythia8NCDIS_5x100_minQ2=1000_beamEffects_xAngle=-0.025_hiDiv_vtxfix_1_052.hepmc.gz,10000,120
EVGEN/DIS/NC/5x100/minQ2=1000/pythia8NCDIS_5x100_minQ2=1000_beamEffects_xAngle=-0.025_hiDiv_vtxfix_1_053.hepmc.gz,10000,120
EVGEN/DIS/NC/5x100/minQ2=1000/pythia8NCDIS_5x100_minQ2=1000_beamEffects_xAngle=-0.025_hiDiv_vtxfix_1_054.hepmc.gz,10000,120
EVGEN/DIS/NC/5x100/minQ2=1000/pythia8NCDIS_5x100_minQ2=1000_beamEffects_xAngle=-0.025_hiDiv_vtxfix_1_055.hepmc.gz,10000,120
EVGEN/DIS/NC/5x100/minQ2=1000/pythia8NCDIS_5x100_minQ2=1000_beamEffects_xAngle=-0.025_hiDiv_vtxfix_1_056.hepmc.gz,10000,120
EVGEN/DIS/NC/5x100/minQ2=1000/pythia8NCDIS_5x100_minQ2=1000_beamEffects_xAngle=-0.025_hiDiv_vtxfix_1_057.hepmc.gz,10000,120
EVGEN/DIS/NC/5x100/minQ2=1000/pythia8NCDIS_5x100_minQ2=1000_beamEffects_xAngle=-0.025_hiDiv_vtxfix_1_058.hepmc.gz,10000,120
EVGEN/DIS/NC/5x100/minQ2=1000/pythia8NCDIS_5x100_minQ2=1000_beamEffects_xAngle=-0.025_hiDiv_vtxfix_1_059.hepmc.gz,10000,120
EVGEN/DIS/NC/5x100/minQ2=1000/pythia8NCDIS_5x100_minQ2=1000_beamEffects_xAngle=-0.025_hiDiv_vtxfix_1_060.hepmc.gz,10000,120
EVGEN/DIS/NC/5x100/minQ2=1000/pythia8NCDIS_5x100_minQ2=1000_beamEffects_xAngle=-0.025_hiDiv_vtxfix_1_061.hepmc.gz,10000,120
EVGEN/DIS/NC/5x100/minQ2=1000/pythia8NCDIS_5x100_minQ2=1000_beamEffects_xAngle=-0.025_hiDiv_vtxfix_1_062.hepmc.gz,10000,120
EVGEN/DIS/NC/5x100/minQ2=1000/pythia8NCDIS_5x100_minQ2=1000_beamEffects_xAngle=-0.025_hiDiv_vtxfix_1_063.hepmc.gz,10000,120
EVGEN/DIS/NC/5x100/minQ2=1000/pythia8NCDIS_5x100_minQ2=1000_beamEffects_xAngle=-0.025_hiDiv_vtxfix_1_064.hepmc.gz,10000,120
EVGEN/DIS/NC/5x100/minQ2=1000/pythia8NCDIS_5x100_minQ2=1000_beamEffects_xAngle=-0.025_hiDiv_vtxfix_1_065.hepmc.gz,10000,120
EVGEN/DIS/NC/5x100/minQ2=1000/pythia8NCDIS_5x100_minQ2=1000_beamEffects_xAngle=-0.025_hiDiv_vtxfix_1_066.hepmc.gz,10000,120
EVGEN/DIS/NC/5x100/minQ2=1000/pythia8NCDIS_5x100_minQ2=1000_beamEffects_xAngle=-0.025_hiDiv_vtxfix_1_067.hepmc.gz,10000,120
EVGEN/DIS/NC/5x100/minQ2=1000/pythia8NCDIS_5x100_minQ2=1000_beamEffects_xAngle=-0.025_hiDiv_vtxfix_1_068.hepmc.gz,10000,120
EVGEN/DIS/NC/5x100/minQ2=1000/pythia8NCDIS_5x100_minQ2=1000_beamEffects_xAngle=-0.025_hiDiv_vtxfix_1_069.hepmc.gz,10000,120
EVGEN/DIS/NC/5x100/minQ2=1000/pythia8NCDIS_5x100_minQ2=1000_beamEffects_xAngle=-0.025_hiDiv_vtxfix_1_070.hepmc.gz,10000,120
EVGEN/DIS/NC/5x100/minQ2=1000/pythia8NCDIS_5x100_minQ2=1000_beamEffects_xAngle=-0.025_hiDiv_vtxfix_1_071.hepmc.gz,10000,120
EVGEN/DIS/NC/5x100/minQ2=1000/pythia8NCDIS_5x100_minQ2=1000_beamEffects_xAngle=-0.025_hiDiv_vtxfix_1_072.hepmc.gz,10000,120
EVGEN/DIS/NC/5x100/minQ2=1000/pythia8NCDIS_5x100_minQ2=1000_beamEffects_xAngle=-0.025_hiDiv_vtxfix_1_073.hepmc.gz,10000,120
EVGEN/DIS/NC/5x100/minQ2=1000/pythia8NCDIS_5x100_minQ2=1000_beamEffects_xAngle=-0.025_hiDiv_vtxfix_1_074.hepmc.gz,10000,120
EVGEN/DIS/NC/5x100/minQ2=1000/pythia8NCDIS_5x100_minQ2=1000_beamEffects_xAngle=-0.025_hiDiv_vtxfix_1_075.hepmc.gz,10000,120
EVGEN/DIS/NC/5x100/minQ2=1000/pythia8NCDIS_5x100_minQ2=1000_beamEffects_xAngle=-0.025_hiDiv_vtxfix_1_076.hepmc.gz,10000,120
EVGEN/DIS/NC/5x100/minQ2=1000/pythia8NCDIS_5x100_minQ2=1000_beamEffects_xAngle=-0.025_hiDiv_vtxfix_1_077.hepmc.gz,10000,120
EVGEN/DIS/NC/5x100/minQ2=1000/pythia8NCDIS_5x100_minQ2=1000_beamEffects_xAngle=-0.025_hiDiv_vtxfix_1_078.hepmc.gz,10000,120
EVGEN/DIS/NC/5x100/minQ2=1000/pythia8NCDIS_5x100_minQ2=1000_beamEffects_xAngle=-0.025_hiDiv_vtxfix_1_079.hepmc.gz,10000,120
EVGEN/DIS/NC/5x100/minQ2=1000/pythia8NCDIS_5x100_minQ2=1000_beamEffects_xAngle=-0.025_hiDiv_vtxfix_1_080.hepmc.gz,10000,120
EVGEN/DIS/NC/5x100/minQ2=1000/pythia8NCDIS_5x100_minQ2=1000_beamEffects_xAngle=-0.025_hiDiv_vtxfix_1_081.hepmc.gz,10000,120
EVGEN/DIS/NC/5x100/minQ2=1000/pythia8NCDIS_5x100_minQ2=1000_beamEffects_xAngle=-0.025_hiDiv_vtxfix_1_082.hepmc.gz,10000,120
EVGEN/DIS/NC/5x100/minQ2=1000/pythia8NCDIS_5x100_minQ2=1000_beamEffects_xAngle=-0.025_hiDiv_vtxfix_1_083.hepmc.gz,10000,120
EVGEN/DIS/NC/5x100/minQ2=1000/pythia8NCDIS_5x100_minQ2=1000_beamEffects_xAngle=-0.025_hiDiv_vtxfix_1_084.hepmc.gz,10000,120
EVGEN/DIS/NC/5x100/minQ2=1000/pythia8NCDIS_5x100_minQ2=1000_beamEffects_xAngle=-0.025_hiDiv_vtxfix_1_085.hepmc.gz,10000,120
EVGEN/DIS/NC/5x100/minQ2=1000/pythia8NCDIS_5x100_minQ2=1000_beamEffects_xAngle=-0.025_hiDiv_vtxfix_1_086.hepmc.gz,10000,120
EVGEN/DIS/NC/5x100/minQ2=1000/pythia8NCDIS_5x100_minQ2=1000_beamEffects_xAngle=-0.025_hiDiv_vtxfix_1_087.hepmc.gz,10000,120
EVGEN/DIS/NC/5x100/minQ2=1000/pythia8NCDIS_5x100_minQ2=1000_beamEffects_xAngle=-0.025_hiDiv_vtxfix_1_088.hepmc.gz,10000,120
EVGEN/DIS/NC/5x100/minQ2=1000/pythia8NCDIS_5x100_minQ2=1000_beamEffects_xAngle=-0.025_hiDiv_vtxfix_1_089.hepmc.gz,10000,120
EVGEN/DIS/NC/5x100/minQ2=1000/pythia8NCDIS_5x100_minQ2=1000_beamEffects_xAngle=-0.025_hiDiv_vtxfix_1_090.hepmc.gz,10000,120
EVGEN/DIS/NC/5x100/minQ2=1000/pythia8NCDIS_5x100_minQ2=1000_beamEffects_xAngle=-0.025_hiDiv_vtxfix_1_091.hepmc.gz,10000,120
EVGEN/DIS/NC/5x100/minQ2=1000/pythia8NCDIS_5x100_minQ2=1000_beamEffects_xAngle=-0.025_hiDiv_vtxfix_1_092.hepmc.gz,10000,120
EVGEN/DIS/NC/5x100/minQ2=1000/pythia8NCDIS_5x100_minQ2=1000_beamEffects_xAngle=-0.025_hiDiv_vtxfix_1_093.hepmc.gz,10000,120
EVGEN/DIS/NC/5x100/minQ2=1000/pythia8NCDIS_5x100_minQ2=1000_beamEffects_xAngle=-0.025_hiDiv_vtxfix_1_094.hepmc.gz,10000,120
EVGEN/DIS/NC/5x100/minQ2=1000/pythia8NCDIS_5x100_minQ2=1000_beamEffects_xAngle=-0.025_hiDiv_vtxfix_1_095.hepmc.gz,10000,120
EVGEN/DIS/NC/5x100/minQ2=1000/pythia8NCDIS_5x100_minQ2=1000_beamEffects_xAngle=-0.025_hiDiv_vtxfix_1_096.hepmc.gz,10000,120
EVGEN/DIS/NC/5x100/minQ2=1000/pythia8NCDIS_5x100_minQ2=1000_beamEffects_xAngle=-0.025_hiDiv_vtxfix_1_097.hepmc.gz,10000,120
EVGEN/DIS/NC/5x100/minQ2=1000/pythia8NCDIS_5x100_minQ2=1000_beamEffects_xAngle=-0.025_hiDiv_vtxfix_1_098.hepmc.gz,10000,120
EVGEN/DIS/NC/5x100/minQ2=1000/pythia8NCDIS_5x100_minQ2=1000_beamEffects_xAngle=-0.025_hiDiv_vtxfix_1_099.hepmc.gz,10000,120
EVGEN/DIS/NC/5x100/minQ2=1000/pythia8NCDIS_5x100_minQ2=1000_beamEffects_xAngle=-0.025_hiDiv_vtxfix_2_000.hepmc.gz,10000,120
EVGEN/DIS/NC/5x100/minQ2=1000/pythia8NCDIS_5x100_minQ2=1000_beamEffects_xAngle=-0.025_hiDiv_vtxfix_2_001.hepmc.gz,10000,120
EVGEN/DIS/NC/5x100/minQ2=1000/pythia8NCDIS_5x100_minQ2=1000_beamEffects_xAngle=-0.025_hiDiv_vtxfix_2_002.hepmc.gz,10000,120
EVGEN/DIS/NC/5x100/minQ2=1000/pythia8NCDIS_5x100_minQ2=1000_beamEffects_xAngle=-0.025_hiDiv_vtxfix_2_003.hepmc.gz,10000,120
EVGEN/DIS/NC/5x100/minQ2=1000/pythia8NCDIS_5x100_minQ2=1000_beamEffects_xAngle=-0.025_hiDiv_vtxfix_2_004.hepmc.gz,10000,120
EVGEN/DIS/NC/5x100/minQ2=1000/pythia8NCDIS_5x100_minQ2=1000_beamEffects_xAngle=-0.025_hiDiv_vtxfix_2_005.hepmc.gz,10000,120
EVGEN/DIS/NC/5x100/minQ2=1000/pythia8NCDIS_5x100_minQ2=1000_beamEffects_xAngle=-0.025_hiDiv_vtxfix_2_006.hepmc.gz,10000,120
EVGEN/DIS/NC/5x100/minQ2=1000/pythia8NCDIS_5x100_minQ2=1000_beamEffects_xAngle=-0.025_hiDiv_vtxfix_2_007.hepmc.gz,10000,120
EVGEN/DIS/NC/5x100/minQ2=1000/pythia8NCDIS_5x100_minQ2=1000_beamEffects_xAngle=-0.025_hiDiv_vtxfix_2_008.hepmc.gz,10000,120
EVGEN/DIS/NC/5x100/minQ2=1000/pythia8NCDIS_5x100_minQ2=1000_beamEffects_xAngle=-0.025_hiDiv_vtxfix_2_009.hepmc.gz,10000,120
EVGEN/DIS/NC/5x100/minQ2=1000/pythia8NCDIS_5x100_minQ2=1000_beamEffects_xAngle=-0.025_hiDiv_vtxfix_2_010.hepmc.gz,10000,120
EVGEN/DIS/NC/5x100/minQ2=1000/pythia8NCDIS_5x100_minQ2=1000_beamEffects_xAngle=-0.025_hiDiv_vtxfix_2_011.hepmc.gz,10000,120
EVGEN/DIS/NC/5x100/minQ2=1000/pythia8NCDIS_5x100_minQ2=1000_beamEffects_xAngle=-0.025_hiDiv_vtxfix_2_012.hepmc.gz,10000,120
EVGEN/DIS/NC/5x100/minQ2=1000/pythia8NCDIS_5x100_minQ2=1000_beamEffects_xAngle=-0.025_hiDiv_vtxfix_2_013.hepmc.gz,10000,120
EVGEN/DIS/NC/5x100/minQ2=1000/pythia8NCDIS_5x100_minQ2=1000_beamEffects_xAngle=-0.025_hiDiv_vtxfix_2_014.hepmc.gz,10000,120
EVGEN/DIS/NC/5x100/minQ2=1000/pythia8NCDIS_5x100_minQ2=1000_beamEffects_xAngle=-0.025_hiDiv_vtxfix_2_015.hepmc.gz,10000,120
EVGEN/DIS/NC/5x100/minQ2=1000/pythia8NCDIS_5x100_minQ2=1000_beamEffects_xAngle=-0.025_hiDiv_vtxfix_2_016.hepmc.gz,10000,120
EVGEN/DIS/NC/5x100/minQ2=1000/pythia8NCDIS_5x100_minQ2=1000_beamEffects_xAngle=-0.025_hiDiv_vtxfix_2_017.hepmc.gz,10000,120
EVGEN/DIS/NC/5x100/minQ2=1000/pythia8NCDIS_5x100_minQ2=1000_beamEffects_xAngle=-0.025_hiDiv_vtxfix_2_018.hepmc.gz,10000,120
EVGEN/DIS/NC/5x100/minQ2=1000/pythia8NCDIS_5x100_minQ2=1000_beamEffects_xAngle=-0.025_hiDiv_vtxfix_2_019.hepmc.gz,10000,120
EVGEN/DIS/NC/5x100/minQ2=1000/pythia8NCDIS_5x100_minQ2=1000_beamEffects_xAngle=-0.025_hiDiv_vtxfix_2_020.hepmc.gz,10000,120
EVGEN/DIS/NC/5x100/minQ2=1000/pythia8NCDIS_5x100_minQ2=1000_beamEffects_xAngle=-0.025_hiDiv_vtxfix_2_021.hepmc.gz,10000,120
EVGEN/DIS/NC/5x100/minQ2=1000/pythia8NCDIS_5x100_minQ2=1000_beamEffects_xAngle=-0.025_hiDiv_vtxfix_2_022.hepmc.gz,10000,120
EVGEN/DIS/NC/5x100/minQ2=1000/pythia8NCDIS_5x100_minQ2=1000_beamEffects_xAngle=-0.025_hiDiv_vtxfix_2_023.hepmc.gz,10000,120
EVGEN/DIS/NC/5x100/minQ2=1000/pythia8NCDIS_5x100_minQ2=1000_beamEffects_xAngle=-0.025_hiDiv_vtxfix_2_024.hepmc.gz,10000,120
EVGEN/DIS/NC/5x100/minQ2=1000/pythia8NCDIS_5x100_minQ2=1000_beamEffects_xAngle=-0.025_hiDiv_vtxfix_2_025.hepmc.gz,10000,120
EVGEN/DIS/NC/5x100/minQ2=1000/pythia8NCDIS_5x100_minQ2=1000_beamEffects_xAngle=-0.025_hiDiv_vtxfix_2_026.hepmc.gz,10000,120
EVGEN/DIS/NC/5x100/minQ2=1000/pythia8NCDIS_5x100_minQ2=1000_beamEffects_xAngle=-0.025_hiDiv_vtxfix_2_027.hepmc.gz,10000,120
EVGEN/DIS/NC/5x100/minQ2=1000/pythia8NCDIS_5x100_minQ2=1000_beamEffects_xAngle=-0.025_hiDiv_vtxfix_2_028.hepmc.gz,10000,120
EVGEN/DIS/NC/5x100/minQ2=1000/pythia8NCDIS_5x100_minQ2=1000_beamEffects_xAngle=-0.025_hiDiv_vtxfix_2_029.hepmc.gz,10000,120
EVGEN/DIS/NC/5x100/minQ2=1000/pythia8NCDIS_5x100_minQ2=1000_beamEffects_xAngle=-0.025_hiDiv_vtxfix_2_030.hepmc.gz,10000,120
EVGEN/DIS/NC/5x100/minQ2=1000/pythia8NCDIS_5x100_minQ2=1000_beamEffects_xAngle=-0.025_hiDiv_vtxfix_2_031.hepmc.gz,10000,120
EVGEN/DIS/NC/5x100/minQ2=1000/pythia8NCDIS_5x100_minQ2=1000_beamEffects_xAngle=-0.025_hiDiv_vtxfix_2_032.hepmc.gz,10000,120
EVGEN/DIS/NC/5x100/minQ2=1000/pythia8NCDIS_5x100_minQ2=1000_beamEffects_xAngle=-0.025_hiDiv_vtxfix_2_033.hepmc.gz,10000,120
EVGEN/DIS/NC/5x100/minQ2=1000/pythia8NCDIS_5x100_minQ2=1000_beamEffects_xAngle=-0.025_hiDiv_vtxfix_2_034.hepmc.gz,10000,120
EVGEN/DIS/NC/5x100/minQ2=1000/pythia8NCDIS_5x100_minQ2=1000_beamEffects_xAngle=-0.025_hiDiv_vtxfix_2_035.hepmc.gz,10000,120
EVGEN/DIS/NC/5x100/minQ2=1000/pythia8NCDIS_5x100_minQ2=1000_beamEffects_xAngle=-0.025_hiDiv_vtxfix_2_036.hepmc.gz,10000,120
EVGEN/DIS/NC/5x100/minQ2=1000/pythia8NCDIS_5x100_minQ2=1000_beamEffects_xAngle=-0.025_hiDiv_vtxfix_2_037.hepmc.gz,10000,120
EVGEN/DIS/NC/5x100/minQ2=1000/pythia8NCDIS_5x100_minQ2=1000_beamEffects_xAngle=-0.025_hiDiv_vtxfix_2_038.hepmc.gz,10000,120
EVGEN/DIS/NC/5x100/minQ2=1000/pythia8NCDIS_5x100_minQ2=1000_beamEffects_xAngle=-0.025_hiDiv_vtxfix_2_039.hepmc.gz,10000,120
EVGEN/DIS/NC/5x100/minQ2=1000/pythia8NCDIS_5x100_minQ2=1000_beamEffects_xAngle=-0.025_hiDiv_vtxfix_2_040.hepmc.gz,10000,120
EVGEN/DIS/NC/5x100/minQ2=1000/pythia8NCDIS_5x100_minQ2=1000_beamEffects_xAngle=-0.025_hiDiv_vtxfix_2_041.hepmc.gz,10000,120
EVGEN/DIS/NC/5x100/minQ2=1000/pythia8NCDIS_5x100_minQ2=1000_beamEffects_xAngle=-0.025_hiDiv_vtxfix_2_042.hepmc.gz,10000,120
EVGEN/DIS/NC/5x100/minQ2=1000/pythia8NCDIS_5x100_minQ2=1000_beamEffects_xAngle=-0.025_hiDiv_vtxfix_2_043.hepmc.gz,10000,120
EVGEN/DIS/NC/5x100/minQ2=1000/pythia8NCDIS_5x100_minQ2=1000_beamEffects_xAngle=-0.025_hiDiv_vtxfix_2_044.hepmc.gz,10000,120
EVGEN/DIS/NC/5x100/minQ2=1000/pythia8NCDIS_5x100_minQ2=1000_beamEffects_xAngle=-0.025_hiDiv_vtxfix_2_045.hepmc.gz,10000,120
EVGEN/DIS/NC/5x100/minQ2=1000/pythia8NCDIS_5x100_minQ2=1000_beamEffects_xAngle=-0.025_hiDiv_vtxfix_2_046.hepmc.gz,10000,120
EVGEN/DIS/NC/5x100/minQ2=1000/pythia8NCDIS_5x100_minQ2=1000_beamEffects_xAngle=-0.025_hiDiv_vtxfix_2_047.hepmc.gz,10000,120
EVGEN/DIS/NC/5x100/minQ2=1000/pythia8NCDIS_5x100_minQ2=1000_beamEffects_xAngle=-0.025_hiDiv_vtxfix_2_048.hepmc.gz,10000,120
EVGEN/DIS/NC/5x100/minQ2=1000/pythia8NCDIS_5x100_minQ2=1000_beamEffects_xAngle=-0.025_hiDiv_vtxfix_2_049.hepmc.gz,10000,120
EVGEN/DIS/NC/5x100/minQ2=1000/pythia8NCDIS_5x100_minQ2=1000_beamEffects_xAngle=-0.025_hiDiv_vtxfix_2_050.hepmc.gz,10000,120
EVGEN/DIS/NC/5x100/minQ2=1000/pythia8NCDIS_5x100_minQ2=1000_beamEffects_xAngle=-0.025_hiDiv_vtxfix_2_051.hepmc.gz,10000,120
EVGEN/DIS/NC/5x100/minQ2=1000/pythia8NCDIS_5x100_minQ2=1000_beamEffects_xAngle=-0.025_hiDiv_vtxfix_2_052.hepmc.gz,10000,120
EVGEN/DIS/NC/5x100/minQ2=1000/pythia8NCDIS_5x100_minQ2=1000_beamEffects_xAngle=-0.025_hiDiv_vtxfix_2_053.hepmc.gz,10000,120
EVGEN/DIS/NC/5x100/minQ2=1000/pythia8NCDIS_5x100_minQ2=1000_beamEffects_xAngle=-0.025_hiDiv_vtxfix_2_054.hepmc.gz,10000,120
EVGEN/DIS/NC/5x100/minQ2=1000/pythia8NCDIS_5x100_minQ2=1000_beamEffects_xAngle=-0.025_hiDiv_vtxfix_2_055.hepmc.gz,10000,120
EVGEN/DIS/NC/5x100/minQ2=1000/pythia8NCDIS_5x100_minQ2=1000_beamEffects_xAngle=-0.025_hiDiv_vtxfix_2_056.hepmc.gz,10000,120
EVGEN/DIS/NC/5x100/minQ2=1000/pythia8NCDIS_5x100_minQ2=1000_beamEffects_xAngle=-0.025_hiDiv_vtxfix_2_057.hepmc.gz,10000,120
EVGEN/DIS/NC/5x100/minQ2=1000/pythia8NCDIS_5x100_minQ2=1000_beamEffects_xAngle=-0.025_hiDiv_vtxfix_2_058.hepmc.gz,10000,120
EVGEN/DIS/NC/5x100/minQ2=1000/pythia8NCDIS_5x100_minQ2=1000_beamEffects_xAngle=-0.025_hiDiv_vtxfix_2_059.hepmc.gz,10000,120
EVGEN/DIS/NC/5x100/minQ2=1000/pythia8NCDIS_5x100_minQ2=1000_beamEffects_xAngle=-0.025_hiDiv_vtxfix_2_060.hepmc.gz,10000,120
EVGEN/DIS/NC/5x100/minQ2=1000/pythia8NCDIS_5x100_minQ2=1000_beamEffects_xAngle=-0.025_hiDiv_vtxfix_2_061.hepmc.gz,10000,120
EVGEN/DIS/NC/5x100/minQ2=1000/pythia8NCDIS_5x100_minQ2=1000_beamEffects_xAngle=-0.025_hiDiv_vtxfix_2_062.hepmc.gz,10000,120
EVGEN/DIS/NC/5x100/minQ2=1000/pythia8NCDIS_5x100_minQ2=1000_beamEffects_xAngle=-0.025_hiDiv_vtxfix_2_063.hepmc.gz,10000,120
EVGEN/DIS/NC/5x100/minQ2=1000/pythia8NCDIS_5x100_minQ2=1000_beamEffects_xAngle=-0.025_hiDiv_vtxfix_2_064.hepmc.gz,10000,120
EVGEN/DIS/NC/5x100/minQ2=1000/pythia8NCDIS_5x100_minQ2=1000_beamEffects_xAngle=-0.025_hiDiv_vtxfix_2_065.hepmc.gz,10000,120
EVGEN/DIS/NC/5x100/minQ2=1000/pythia8NCDIS_5x100_minQ2=1000_beamEffects_xAngle=-0.025_hiDiv_vtxfix_2_066.hepmc.gz,10000,120
EVGEN/DIS/NC/5x100/minQ2=1000/pythia8NCDIS_5x100_minQ2=1000_beamEffects_xAngle=-0.025_hiDiv_vtxfix_2_067.hepmc.gz,10000,120
EVGEN/DIS/NC/5x100/minQ2=1000/pythia8NCDIS_5x100_minQ2=1000_beamEffects_xAngle=-0.025_hiDiv_vtxfix_2_068.hepmc.gz,10000,120
EVGEN/DIS/NC/5x100/minQ2=1000/pythia8NCDIS_5x100_minQ2=1000_beamEffects_xAngle=-0.025_hiDiv_vtxfix_2_069.hepmc.gz,10000,120
EVGEN/DIS/NC/5x100/minQ2=1000/pythia8NCDIS_5x100_minQ2=1000_beamEffects_xAngle=-0.025_hiDiv_vtxfix_2_070.hepmc.gz,10000,120
EVGEN/DIS/NC/5x100/minQ2=1000/pythia8NCDIS_5x100_minQ2=1000_beamEffects_xAngle=-0.025_hiDiv_vtxfix_2_071.hepmc.gz,10000,120
EVGEN/DIS/NC/5x100/minQ2=1000/pythia8NCDIS_5x100_minQ2=1000_beamEffects_xAngle=-0.025_hiDiv_vtxfix_2_072.hepmc.gz,10000,120
EVGEN/DIS/NC/5x100/minQ2=1000/pythia8NCDIS_5x100_minQ2=1000_beamEffects_xAngle=-0.025_hiDiv_vtxfix_2_073.hepmc.gz,10000,120
EVGEN/DIS/NC/5x100/minQ2=1000/pythia8NCDIS_5x100_minQ2=1000_beamEffects_xAngle=-0.025_hiDiv_vtxfix_2_074.hepmc.gz,10000,120
EVGEN/DIS/NC/5x100/minQ2=1000/pythia8NCDIS_5x100_minQ2=1000_beamEffects_xAngle=-0.025_hiDiv_vtxfix_2_075.hepmc.gz,10000,120
EVGEN/DIS/NC/5x100/minQ2=1000/pythia8NCDIS_5x100_minQ2=1000_beamEffects_xAngle=-0.025_hiDiv_vtxfix_2_076.hepmc.gz,10000,120
EVGEN/DIS/NC/5x100/minQ2=1000/pythia8NCDIS_5x100_minQ2=1000_beamEffects_xAngle=-0.025_hiDiv_vtxfix_2_077.hepmc.gz,10000,120
EVGEN/DIS/NC/5x100/minQ2=1000/pythia8NCDIS_5x100_minQ2=1000_beamEffects_xAngle=-0.025_hiDiv_vtxfix_2_078.hepmc.gz,10000,120
EVGEN/DIS/NC/5x100/minQ2=1000/pythia8NCDIS_5x100_minQ2=1000_beamEffects_xAngle=-0.025_hiDiv_vtxfix_2_079.hepmc.gz,10000,120
EVGEN/DIS/NC/5x100/minQ2=1000/pythia8NCDIS_5x100_minQ2=1000_beamEffects_xAngle=-0.025_hiDiv_vtxfix_2_080.hepmc.gz,10000,120
EVGEN/DIS/NC/5x100/minQ2=1000/pythia8NCDIS_5x100_minQ2=1000_beamEffects_xAngle=-0.025_hiDiv_vtxfix_2_081.hepmc.gz,10000,120
EVGEN/DIS/NC/5x100/minQ2=1000/pythia8NCDIS_5x100_minQ2=1000_beamEffects_xAngle=-0.025_hiDiv_vtxfix_2_082.hepmc.gz,10000,120
EVGEN/DIS/NC/5x100/minQ2=1000/pythia8NCDIS_5x100_minQ2=1000_beamEffects_xAngle=-0.025_hiDiv_vtxfix_2_083.hepmc.gz,10000,120
EVGEN/DIS/NC/5x100/minQ2=1000/pythia8NCDIS_5x100_minQ2=1000_beamEffects_xAngle=-0.025_hiDiv_vtxfix_2_084.hepmc.gz,10000,120
EVGEN/DIS/NC/5x100/minQ2=1000/pythia8NCDIS_5x100_minQ2=1000_beamEffects_xAngle=-0.025_hiDiv_vtxfix_2_085.hepmc.gz,10000,120
EVGEN/DIS/NC/5x100/minQ2=1000/pythia8NCDIS_5x100_minQ2=1000_beamEffects_xAngle=-0.025_hiDiv_vtxfix_2_086.hepmc.gz,10000,120
EVGEN/DIS/NC/5x100/minQ2=1000/pythia8NCDIS_5x100_minQ2=1000_beamEffects_xAngle=-0.025_hiDiv_vtxfix_2_087.hepmc.gz,10000,120
EVGEN/DIS/NC/5x100/minQ2=1000/pythia8NCDIS_5x100_minQ2=1000_beamEffects_xAngle=-0.025_hiDiv_vtxfix_2_088.hepmc.gz,10000,120
EVGEN/DIS/NC/5x100/minQ2=1000/pythia8NCDIS_5x100_minQ2=1000_beamEffects_xAngle=-0.025_hiDiv_vtxfix_2_089.hepmc.gz,10000,120
EVGEN/DIS/NC/5x100/minQ2=1000/pythia8NCDIS_5x100_minQ2=1000_beamEffects_xAngle=-0.025_hiDiv_vtxfix_2_090.hepmc.gz,10000,120
EVGEN/DIS/NC/5x100/minQ2=1000/pythia8NCDIS_5x100_minQ2=1000_beamEffects_xAngle=-0.025_hiDiv_vtxfix_2_091.hepmc.gz,10000,120
EVGEN/DIS/NC/5x100/minQ2=1000/pythia8NCDIS_5x100_minQ2=1000_beamEffects_xAngle=-0.025_hiDiv_vtxfix_2_092.hepmc.gz,10000,120
EVGEN/DIS/NC/5x100/minQ2=1000/pythia8NCDIS_5x100_minQ2=1000_beamEffects_xAngle=-0.025_hiDiv_vtxfix_2_093.hepmc.gz,10000,120
EVGEN/DIS/NC/5x100/minQ2=1000/pythia8NCDIS_5x100_minQ2=1000_beamEffects_xAngle=-0.025_hiDiv_vtxfix_2_094.hepmc.gz,10000,120
EVGEN/DIS/NC/5x100/minQ2=1000/pythia8NCDIS_5x100_minQ2=1000_beamEffects_xAngle=-0.025_hiDiv_vtxfix_2_095.hepmc.gz,10000,120
EVGEN/DIS/NC/5x100/minQ2=1000/pythia8NCDIS_5x100_minQ2=1000_beamEffects_xAngle=-0.025_hiDiv_vtxfix_2_096.hepmc.gz,10000,120
EVGEN/DIS/NC/5x100/minQ2=1000/pythia8NCDIS_5x100_minQ2=1000_beamEffects_xAngle=-0.025_hiDiv_vtxfix_2_097.hepmc.gz,10000,120
EVGEN/DIS/NC/5x100/minQ2=1000/pythia8NCDIS_5x100_minQ2=1000_beamEffects_xAngle=-0.025_hiDiv_vtxfix_2_098.hepmc.gz,10000,120
EVGEN/DIS/NC/5x100/minQ2=1000/pythia8NCDIS_5x100_minQ2=1000_beamEffects_xAngle=-0.025_hiDiv_vtxfix_2_099.hepmc.gz,10000,120
EVGEN/DIS/NC/5x100/minQ2=1000/pythia8NCDIS_5x100_minQ2=1000_beamEffects_xAngle=-0.025_hiDiv_vtxfix_3_000.hepmc.gz,10000,120
EVGEN/DIS/NC/5x100/minQ2=1000/pythia8NCDIS_5x100_minQ2=1000_beamEffects_xAngle=-0.025_hiDiv_vtxfix_3_001.hepmc.gz,10000,120
EVGEN/DIS/NC/5x100/minQ2=1000/pythia8NCDIS_5x100_minQ2=1000_beamEffects_xAngle=-0.025_hiDiv_vtxfix_3_002.hepmc.gz,10000,120
EVGEN/DIS/NC/5x100/minQ2=1000/pythia8NCDIS_5x100_minQ2=1000_beamEffects_xAngle=-0.025_hiDiv_vtxfix_3_003.hepmc.gz,10000,120
EVGEN/DIS/NC/5x100/minQ2=1000/pythia8NCDIS_5x100_minQ2=1000_beamEffects_xAngle=-0.025_hiDiv_vtxfix_3_004.hepmc.gz,10000,120
EVGEN/DIS/NC/5x100/minQ2=1000/pythia8NCDIS_5x100_minQ2=1000_beamEffects_xAngle=-0.025_hiDiv_vtxfix_3_005.hepmc.gz,10000,120
EVGEN/DIS/NC/5x100/minQ2=1000/pythia8NCDIS_5x100_minQ2=1000_beamEffects_xAngle=-0.025_hiDiv_vtxfix_3_006.hepmc.gz,10000,120
EVGEN/DIS/NC/5x100/minQ2=1000/pythia8NCDIS_5x100_minQ2=1000_beamEffects_xAngle=-0.025_hiDiv_vtxfix_3_007.hepmc.gz,10000,120
EVGEN/DIS/NC/5x100/minQ2=1000/pythia8NCDIS_5x100_minQ2=1000_beamEffects_xAngle=-0.025_hiDiv_vtxfix_3_008.hepmc.gz,10000,120
EVGEN/DIS/NC/5x100/minQ2=1000/pythia8NCDIS_5x100_minQ2=1000_beamEffects_xAngle=-0.025_hiDiv_vtxfix_3_009.hepmc.gz,10000,120
EVGEN/DIS/NC/5x100/minQ2=1000/pythia8NCDIS_5x100_minQ2=1000_beamEffects_xAngle=-0.025_hiDiv_vtxfix_3_010.hepmc.gz,10000,120
EVGEN/DIS/NC/5x100/minQ2=1000/pythia8NCDIS_5x100_minQ2=1000_beamEffects_xAngle=-0.025_hiDiv_vtxfix_3_011.hepmc.gz,10000,120
EVGEN/DIS/NC/5x100/minQ2=1000/pythia8NCDIS_5x100_minQ2=1000_beamEffects_xAngle=-0.025_hiDiv_vtxfix_3_012.hepmc.gz,10000,120
EVGEN/DIS/NC/5x100/minQ2=1000/pythia8NCDIS_5x100_minQ2=1000_beamEffects_xAngle=-0.025_hiDiv_vtxfix_3_013.hepmc.gz,10000,120
EVGEN/DIS/NC/5x100/minQ2=1000/pythia8NCDIS_5x100_minQ2=1000_beamEffects_xAngle=-0.025_hiDiv_vtxfix_3_014.hepmc.gz,10000,120
EVGEN/DIS/NC/5x100/minQ2=1000/pythia8NCDIS_5x100_minQ2=1000_beamEffects_xAngle=-0.025_hiDiv_vtxfix_3_015.hepmc.gz,10000,120
EVGEN/DIS/NC/5x100/minQ2=1000/pythia8NCDIS_5x100_minQ2=1000_beamEffects_xAngle=-0.025_hiDiv_vtxfix_3_016.hepmc.gz,10000,120
EVGEN/DIS/NC/5x100/minQ2=1000/pythia8NCDIS_5x100_minQ2=1000_beamEffects_xAngle=-0.025_hiDiv_vtxfix_3_017.hepmc.gz,10000,120
EVGEN/DIS/NC/5x100/minQ2=1000/pythia8NCDIS_5x100_minQ2=1000_beamEffects_xAngle=-0.025_hiDiv_vtxfix_3_018.hepmc.gz,10000,120
EVGEN/DIS/NC/5x100/minQ2=1000/pythia8NCDIS_5x100_minQ2=1000_beamEffects_xAngle=-0.025_hiDiv_vtxfix_3_019.hepmc.gz,10000,120
EVGEN/DIS/NC/5x100/minQ2=1000/pythia8NCDIS_5x100_minQ2=1000_beamEffects_xAngle=-0.025_hiDiv_vtxfix_3_020.hepmc.gz,10000,120
EVGEN/DIS/NC/5x100/minQ2=1000/pythia8NCDIS_5x100_minQ2=1000_beamEffects_xAngle=-0.025_hiDiv_vtxfix_3_021.hepmc.gz,10000,120
EVGEN/DIS/NC/5x100/minQ2=1000/pythia8NCDIS_5x100_minQ2=1000_beamEffects_xAngle=-0.025_hiDiv_vtxfix_3_022.hepmc.gz,10000,120
EVGEN/DIS/NC/5x100/minQ2=1000/pythia8NCDIS_5x100_minQ2=1000_beamEffects_xAngle=-0.025_hiDiv_vtxfix_3_023.hepmc.gz,10000,120
EVGEN/DIS/NC/5x100/minQ2=1000/pythia8NCDIS_5x100_minQ2=1000_beamEffects_xAngle=-0.025_hiDiv_vtxfix_3_024.hepmc.gz,10000,120
EVGEN/DIS/NC/5x100/minQ2=1000/pythia8NCDIS_5x100_minQ2=1000_beamEffects_xAngle=-0.025_hiDiv_vtxfix_3_025.hepmc.gz,10000,120
EVGEN/DIS/NC/5x100/minQ2=1000/pythia8NCDIS_5x100_minQ2=1000_beamEffects_xAngle=-0.025_hiDiv_vtxfix_3_026.hepmc.gz,10000,120
EVGEN/DIS/NC/5x100/minQ2=1000/pythia8NCDIS_5x100_minQ2=1000_beamEffects_xAngle=-0.025_hiDiv_vtxfix_3_027.hepmc.gz,10000,120
EVGEN/DIS/NC/5x100/minQ2=1000/pythia8NCDIS_5x100_minQ2=1000_beamEffects_xAngle=-0.025_hiDiv_vtxfix_3_028.hepmc.gz,10000,120
EVGEN/DIS/NC/5x100/minQ2=1000/pythia8NCDIS_5x100_minQ2=1000_beamEffects_xAngle=-0.025_hiDiv_vtxfix_3_029.hepmc.gz,10000,120
EVGEN/DIS/NC/5x100/minQ2=1000/pythia8NCDIS_5x100_minQ2=1000_beamEffects_xAngle=-0.025_hiDiv_vtxfix_3_030.hepmc.gz,10000,120
EVGEN/DIS/NC/5x100/minQ2=1000/pythia8NCDIS_5x100_minQ2=1000_beamEffects_xAngle=-0.025_hiDiv_vtxfix_3_031.hepmc.gz,10000,120
EVGEN/DIS/NC/5x100/minQ2=1000/pythia8NCDIS_5x100_minQ2=1000_beamEffects_xAngle=-0.025_hiDiv_vtxfix_3_032.hepmc.gz,10000,120
EVGEN/DIS/NC/5x100/minQ2=1000/pythia8NCDIS_5x100_minQ2=1000_beamEffects_xAngle=-0.025_hiDiv_vtxfix_3_033.hepmc.gz,10000,120
EVGEN/DIS/NC/5x100/minQ2=1000/pythia8NCDIS_5x100_minQ2=1000_beamEffects_xAngle=-0.025_hiDiv_vtxfix_3_034.hepmc.gz,10000,120
EVGEN/DIS/NC/5x100/minQ2=1000/pythia8NCDIS_5x100_minQ2=1000_beamEffects_xAngle=-0.025_hiDiv_vtxfix_3_035.hepmc.gz,10000,120
EVGEN/DIS/NC/5x100/minQ2=1000/pythia8NCDIS_5x100_minQ2=1000_beamEffects_xAngle=-0.025_hiDiv_vtxfix_3_036.hepmc.gz,10000,120
EVGEN/DIS/NC/5x100/minQ2=1000/pythia8NCDIS_5x100_minQ2=1000_beamEffects_xAngle=-0.025_hiDiv_vtxfix_3_037.hepmc.gz,10000,120
EVGEN/DIS/NC/5x100/minQ2=1000/pythia8NCDIS_5x100_minQ2=1000_beamEffects_xAngle=-0.025_hiDiv_vtxfix_3_038.hepmc.gz,10000,120
EVGEN/DIS/NC/5x100/minQ2=1000/pythia8NCDIS_5x100_minQ2=1000_beamEffects_xAngle=-0.025_hiDiv_vtxfix_3_039.hepmc.gz,10000,120
EVGEN/DIS/NC/5x100/minQ2=1000/pythia8NCDIS_5x100_minQ2=1000_beamEffects_xAngle=-0.025_hiDiv_vtxfix_3_040.hepmc.gz,10000,120
EVGEN/DIS/NC/5x100/minQ2=1000/pythia8NCDIS_5x100_minQ2=1000_beamEffects_xAngle=-0.025_hiDiv_vtxfix_3_041.hepmc.gz,10000,120
EVGEN/DIS/NC/5x100/minQ2=1000/pythia8NCDIS_5x100_minQ2=1000_beamEffects_xAngle=-0.025_hiDiv_vtxfix_3_042.hepmc.gz,10000,120
EVGEN/DIS/NC/5x100/minQ2=1000/pythia8NCDIS_5x100_minQ2=1000_beamEffects_xAngle=-0.025_hiDiv_vtxfix_3_043.hepmc.gz,10000,120
EVGEN/DIS/NC/5x100/minQ2=1000/pythia8NCDIS_5x100_minQ2=1000_beamEffects_xAngle=-0.025_hiDiv_vtxfix_3_044.hepmc.gz,10000,120
EVGEN/DIS/NC/5x100/minQ2=1000/pythia8NCDIS_5x100_minQ2=1000_beamEffects_xAngle=-0.025_hiDiv_vtxfix_3_045.hepmc.gz,10000,120
EVGEN/DIS/NC/5x100/minQ2=1000/pythia8NCDIS_5x100_minQ2=1000_beamEffects_xAngle=-0.025_hiDiv_vtxfix_3_046.hepmc.gz,10000,120
EVGEN/DIS/NC/5x100/minQ2=1000/pythia8NCDIS_5x100_minQ2=1000_beamEffects_xAngle=-0.025_hiDiv_vtxfix_3_047.hepmc.gz,10000,120
EVGEN/DIS/NC/5x100/minQ2=1000/pythia8NCDIS_5x100_minQ2=1000_beamEffects_xAngle=-0.025_hiDiv_vtxfix_3_048.hepmc.gz,10000,120
EVGEN/DIS/NC/5x100/minQ2=1000/pythia8NCDIS_5x100_minQ2=1000_beamEffects_xAngle=-0.025_hiDiv_vtxfix_3_049.hepmc.gz,10000,120
EVGEN/DIS/NC/5x100/minQ2=1000/pythia8NCDIS_5x100_minQ2=1000_beamEffects_xAngle=-0.025_hiDiv_vtxfix_3_050.hepmc.gz,10000,120
EVGEN/DIS/NC/5x100/minQ2=1000/pythia8NCDIS_5x100_minQ2=1000_beamEffects_xAngle=-0.025_hiDiv_vtxfix_3_051.hepmc.gz,10000,120
EVGEN/DIS/NC/5x100/minQ2=1000/pythia8NCDIS_5x100_minQ2=1000_beamEffects_xAngle=-0.025_hiDiv_vtxfix_3_052.hepmc.gz,10000,120
EVGEN/DIS/NC/5x100/minQ2=1000/pythia8NCDIS_5x100_minQ2=1000_beamEffects_xAngle=-0.025_hiDiv_vtxfix_3_053.hepmc.gz,10000,120
EVGEN/DIS/NC/5x100/minQ2=1000/pythia8NCDIS_5x100_minQ2=1000_beamEffects_xAngle=-0.025_hiDiv_vtxfix_3_054.hepmc.gz,10000,120
EVGEN/DIS/NC/5x100/minQ2=1000/pythia8NCDIS_5x100_minQ2=1000_beamEffects_xAngle=-0.025_hiDiv_vtxfix_3_055.hepmc.gz,10000,120
EVGEN/DIS/NC/5x100/minQ2=1000/pythia8NCDIS_5x100_minQ2=1000_beamEffects_xAngle=-0.025_hiDiv_vtxfix_3_056.hepmc.gz,10000,120
EVGEN/DIS/NC/5x100/minQ2=1000/pythia8NCDIS_5x100_minQ2=1000_beamEffects_xAngle=-0.025_hiDiv_vtxfix_3_057.hepmc.gz,10000,120
EVGEN/DIS/NC/5x100/minQ2=1000/pythia8NCDIS_5x100_minQ2=1000_beamEffects_xAngle=-0.025_hiDiv_vtxfix_3_058.hepmc.gz,10000,120
EVGEN/DIS/NC/5x100/minQ2=1000/pythia8NCDIS_5x100_minQ2=1000_beamEffects_xAngle=-0.025_hiDiv_vtxfix_3_059.hepmc.gz,10000,120
EVGEN/DIS/NC/5x100/minQ2=1000/pythia8NCDIS_5x100_minQ2=1000_beamEffects_xAngle=-0.025_hiDiv_vtxfix_3_060.hepmc.gz,10000,120
EVGEN/DIS/NC/5x100/minQ2=1000/pythia8NCDIS_5x100_minQ2=1000_beamEffects_xAngle=-0.025_hiDiv_vtxfix_3_061.hepmc.gz,10000,120
EVGEN/DIS/NC/5x100/minQ2=1000/pythia8NCDIS_5x100_minQ2=1000_beamEffects_xAngle=-0.025_hiDiv_vtxfix_3_062.hepmc.gz,10000,120
EVGEN/DIS/NC/5x100/minQ2=1000/pythia8NCDIS_5x100_minQ2=1000_beamEffects_xAngle=-0.025_hiDiv_vtxfix_3_063.hepmc.gz,10000,120
EVGEN/DIS/NC/5x100/minQ2=1000/pythia8NCDIS_5x100_minQ2=1000_beamEffects_xAngle=-0.025_hiDiv_vtxfix_3_064.hepmc.gz,10000,120
EVGEN/DIS/NC/5x100/minQ2=1000/pythia8NCDIS_5x100_minQ2=1000_beamEffects_xAngle=-0.025_hiDiv_vtxfix_3_065.hepmc.gz,10000,120
EVGEN/DIS/NC/5x100/minQ2=1000/pythia8NCDIS_5x100_minQ2=1000_beamEffects_xAngle=-0.025_hiDiv_vtxfix_3_066.hepmc.gz,10000,120
EVGEN/DIS/NC/5x100/minQ2=1000/pythia8NCDIS_5x100_minQ2=1000_beamEffects_xAngle=-0.025_hiDiv_vtxfix_3_067.hepmc.gz,10000,120
EVGEN/DIS/NC/5x100/minQ2=1000/pythia8NCDIS_5x100_minQ2=1000_beamEffects_xAngle=-0.025_hiDiv_vtxfix_3_068.hepmc.gz,10000,120
EVGEN/DIS/NC/5x100/minQ2=1000/pythia8NCDIS_5x100_minQ2=1000_beamEffects_xAngle=-0.025_hiDiv_vtxfix_3_069.hepmc.gz,10000,120
EVGEN/DIS/NC/5x100/minQ2=1000/pythia8NCDIS_5x100_minQ2=1000_beamEffects_xAngle=-0.025_hiDiv_vtxfix_3_070.hepmc.gz,10000,120
EVGEN/DIS/NC/5x100/minQ2=1000/pythia8NCDIS_5x100_minQ2=1000_beamEffects_xAngle=-0.025_hiDiv_vtxfix_3_071.hepmc.gz,10000,120
EVGEN/DIS/NC/5x100/minQ2=1000/pythia8NCDIS_5x100_minQ2=1000_beamEffects_xAngle=-0.025_hiDiv_vtxfix_3_072.hepmc.gz,10000,120
EVGEN/DIS/NC/5x100/minQ2=1000/pythia8NCDIS_5x100_minQ2=1000_beamEffects_xAngle=-0.025_hiDiv_vtxfix_3_073.hepmc.gz,10000,120
EVGEN/DIS/NC/5x100/minQ2=1000/pythia8NCDIS_5x100_minQ2=1000_beamEffects_xAngle=-0.025_hiDiv_vtxfix_3_074.hepmc.gz,10000,120
EVGEN/DIS/NC/5x100/minQ2=1000/pythia8NCDIS_5x100_minQ2=1000_beamEffects_xAngle=-0.025_hiDiv_vtxfix_3_075.hepmc.gz,10000,120
EVGEN/DIS/NC/5x100/minQ2=1000/pythia8NCDIS_5x100_minQ2=1000_beamEffects_xAngle=-0.025_hiDiv_vtxfix_3_076.hepmc.gz,10000,120
EVGEN/DIS/NC/5x100/minQ2=1000/pythia8NCDIS_5x100_minQ2=1000_beamEffects_xAngle=-0.025_hiDiv_vtxfix_3_077.hepmc.gz,10000,120
EVGEN/DIS/NC/5x100/minQ2=1000/pythia8NCDIS_5x100_minQ2=1000_beamEffects_xAngle=-0.025_hiDiv_vtxfix_3_078.hepmc.gz,10000,120
EVGEN/DIS/NC/5x100/minQ2=1000/pythia8NCDIS_5x100_minQ2=1000_beamEffects_xAngle=-0.025_hiDiv_vtxfix_3_079.hepmc.gz,10000,120
EVGEN/DIS/NC/5x100/minQ2=1000/pythia8NCDIS_5x100_minQ2=1000_beamEffects_xAngle=-0.025_hiDiv_vtxfix_3_080.hepmc.gz,10000,120
EVGEN/DIS/NC/5x100/minQ2=1000/pythia8NCDIS_5x100_minQ2=1000_beamEffects_xAngle=-0.025_hiDiv_vtxfix_3_081.hepmc.gz,10000,120
EVGEN/DIS/NC/5x100/minQ2=1000/pythia8NCDIS_5x100_minQ2=1000_beamEffects_xAngle=-0.025_hiDiv_vtxfix_3_082.hepmc.gz,10000,120
EVGEN/DIS/NC/5x100/minQ2=1000/pythia8NCDIS_5x100_minQ2=1000_beamEffects_xAngle=-0.025_hiDiv_vtxfix_3_083.hepmc.gz,10000,120
EVGEN/DIS/NC/5x100/minQ2=1000/pythia8NCDIS_5x100_minQ2=1000_beamEffects_xAngle=-0.025_hiDiv_vtxfix_3_084.hepmc.gz,10000,120
EVGEN/DIS/NC/5x100/minQ2=1000/pythia8NCDIS_5x100_minQ2=1000_beamEffects_xAngle=-0.025_hiDiv_vtxfix_3_085.hepmc.gz,10000,120
EVGEN/DIS/NC/5x100/minQ2=1000/pythia8NCDIS_5x100_minQ2=1000_beamEffects_xAngle=-0.025_hiDiv_vtxfix_3_086.hepmc.gz,10000,120
EVGEN/DIS/NC/5x100/minQ2=1000/pythia8NCDIS_5x100_minQ2=1000_beamEffects_xAngle=-0.025_hiDiv_vtxfix_3_087.hepmc.gz,10000,120
EVGEN/DIS/NC/5x100/minQ2=1000/pythia8NCDIS_5x100_minQ2=1000_beamEffects_xAngle=-0.025_hiDiv_vtxfix_3_088.hepmc.gz,10000,120
EVGEN/DIS/NC/5x100/minQ2=1000/pythia8NCDIS_5x100_minQ2=1000_beamEffects_xAngle=-0.025_hiDiv_vtxfix_3_089.hepmc.gz,10000,120
EVGEN/DIS/NC/5x100/minQ2=1000/pythia8NCDIS_5x100_minQ2=1000_beamEffects_xAngle=-0.025_hiDiv_vtxfix_3_090.hepmc.gz,10000,120
EVGEN/DIS/NC/5x100/minQ2=1000/pythia8NCDIS_5x100_minQ2=1000_beamEffects_xAngle=-0.025_hiDiv_vtxfix_3_091.hepmc.gz,10000,120
EVGEN/DIS/NC/5x100/minQ2=1000/pythia8NCDIS_5x100_minQ2=1000_beamEffects_xAngle=-0.025_hiDiv_vtxfix_3_092.hepmc.gz,10000,120
EVGEN/DIS/NC/5x100/minQ2=1000/pythia8NCDIS_5x100_minQ2=1000_beamEffects_xAngle=-0.025_hiDiv_vtxfix_3_093.hepmc.gz,10000,120
EVGEN/DIS/NC/5x100/minQ2=1000/pythia8NCDIS_5x100_minQ2=1000_beamEffects_xAngle=-0.025_hiDiv_vtxfix_3_094.hepmc.gz,10000,120
EVGEN/DIS/NC/5x100/minQ2=1000/pythia8NCDIS_5x100_minQ2=1000_beamEffects_xAngle=-0.025_hiDiv_vtxfix_3_095.hepmc.gz,10000,120
EVGEN/DIS/NC/5x100/minQ2=1000/pythia8NCDIS_5x100_minQ2=1000_beamEffects_xAngle=-0.025_hiDiv_vtxfix_3_096.hepmc.gz,10000,120
EVGEN/DIS/NC/5x100/minQ2=1000/pythia8NCDIS_5x100_minQ2=1000_beamEffects_xAngle=-0.025_hiDiv_vtxfix_3_097.hepmc.gz,10000,120
EVGEN/DIS/NC/5x100/minQ2=1000/pythia8NCDIS_5x100_minQ2=1000_beamEffects_xAngle=-0.025_hiDiv_vtxfix_3_098.hepmc.gz,10000,120
EVGEN/DIS/NC/5x100/minQ2=1000/pythia8NCDIS_5x100_minQ2=1000_beamEffects_xAngle=-0.025_hiDiv_vtxfix_3_099.hepmc.gz,10000,120
EVGEN/DIS/NC/5x100/minQ2=1000/pythia8NCDIS_5x100_minQ2=1000_beamEffects_xAngle=-0.025_hiDiv_vtxfix_4_000.hepmc.gz,10000,120
EVGEN/DIS/NC/5x100/minQ2=1000/pythia8NCDIS_5x100_minQ2=1000_beamEffects_xAngle=-0.025_hiDiv_vtxfix_4_001.hepmc.gz,10000,120
EVGEN/DIS/NC/5x100/minQ2=1000/pythia8NCDIS_5x100_minQ2=1000_beamEffects_xAngle=-0.025_hiDiv_vtxfix_4_002.hepmc.gz,10000,120
EVGEN/DIS/NC/5x100/minQ2=1000/pythia8NCDIS_5x100_minQ2=1000_beamEffects_xAngle=-0.025_hiDiv_vtxfix_4_003.hepmc.gz,10000,120
EVGEN/DIS/NC/5x100/minQ2=1000/pythia8NCDIS_5x100_minQ2=1000_beamEffects_xAngle=-0.025_hiDiv_vtxfix_4_004.hepmc.gz,10000,120
EVGEN/DIS/NC/5x100/minQ2=1000/pythia8NCDIS_5x100_minQ2=1000_beamEffects_xAngle=-0.025_hiDiv_vtxfix_4_005.hepmc.gz,10000,120
EVGEN/DIS/NC/5x100/minQ2=1000/pythia8NCDIS_5x100_minQ2=1000_beamEffects_xAngle=-0.025_hiDiv_vtxfix_4_006.hepmc.gz,10000,120
EVGEN/DIS/NC/5x100/minQ2=1000/pythia8NCDIS_5x100_minQ2=1000_beamEffects_xAngle=-0.025_hiDiv_vtxfix_4_007.hepmc.gz,10000,120
EVGEN/DIS/NC/5x100/minQ2=1000/pythia8NCDIS_5x100_minQ2=1000_beamEffects_xAngle=-0.025_hiDiv_vtxfix_4_008.hepmc.gz,10000,120
EVGEN/DIS/NC/5x100/minQ2=1000/pythia8NCDIS_5x100_minQ2=1000_beamEffects_xAngle=-0.025_hiDiv_vtxfix_4_009.hepmc.gz,10000,120
EVGEN/DIS/NC/5x100/minQ2=1000/pythia8NCDIS_5x100_minQ2=1000_beamEffects_xAngle=-0.025_hiDiv_vtxfix_4_010.hepmc.gz,10000,120
EVGEN/DIS/NC/5x100/minQ2=1000/pythia8NCDIS_5x100_minQ2=1000_beamEffects_xAngle=-0.025_hiDiv_vtxfix_4_011.hepmc.gz,10000,120
EVGEN/DIS/NC/5x100/minQ2=1000/pythia8NCDIS_5x100_minQ2=1000_beamEffects_xAngle=-0.025_hiDiv_vtxfix_4_012.hepmc.gz,10000,120
EVGEN/DIS/NC/5x100/minQ2=1000/pythia8NCDIS_5x100_minQ2=1000_beamEffects_xAngle=-0.025_hiDiv_vtxfix_4_013.hepmc.gz,10000,120
EVGEN/DIS/NC/5x100/minQ2=1000/pythia8NCDIS_5x100_minQ2=1000_beamEffects_xAngle=-0.025_hiDiv_vtxfix_4_014.hepmc.gz,10000,120
EVGEN/DIS/NC/5x100/minQ2=1000/pythia8NCDIS_5x100_minQ2=1000_beamEffects_xAngle=-0.025_hiDiv_vtxfix_4_015.hepmc.gz,10000,120
EVGEN/DIS/NC/5x100/minQ2=1000/pythia8NCDIS_5x100_minQ2=1000_beamEffects_xAngle=-0.025_hiDiv_vtxfix_4_016.hepmc.gz,10000,120
EVGEN/DIS/NC/5x100/minQ2=1000/pythia8NCDIS_5x100_minQ2=1000_beamEffects_xAngle=-0.025_hiDiv_vtxfix_4_017.hepmc.gz,10000,120
EVGEN/DIS/NC/5x100/minQ2=1000/pythia8NCDIS_5x100_minQ2=1000_beamEffects_xAngle=-0.025_hiDiv_vtxfix_4_018.hepmc.gz,10000,120
EVGEN/DIS/NC/5x100/minQ2=1000/pythia8NCDIS_5x100_minQ2=1000_beamEffects_xAngle=-0.025_hiDiv_vtxfix_4_019.hepmc.gz,10000,120
EVGEN/DIS/NC/5x100/minQ2=1000/pythia8NCDIS_5x100_minQ2=1000_beamEffects_xAngle=-0.025_hiDiv_vtxfix_4_020.hepmc.gz,10000,120
EVGEN/DIS/NC/5x100/minQ2=1000/pythia8NCDIS_5x100_minQ2=1000_beamEffects_xAngle=-0.025_hiDiv_vtxfix_4_021.hepmc.gz,10000,120
EVGEN/DIS/NC/5x100/minQ2=1000/pythia8NCDIS_5x100_minQ2=1000_beamEffects_xAngle=-0.025_hiDiv_vtxfix_4_022.hepmc.gz,10000,120
EVGEN/DIS/NC/5x100/minQ2=1000/pythia8NCDIS_5x100_minQ2=1000_beamEffects_xAngle=-0.025_hiDiv_vtxfix_4_023.hepmc.gz,10000,120
EVGEN/DIS/NC/5x100/minQ2=1000/pythia8NCDIS_5x100_minQ2=1000_beamEffects_xAngle=-0.025_hiDiv_vtxfix_4_024.hepmc.gz,10000,120
EVGEN/DIS/NC/5x100/minQ2=1000/pythia8NCDIS_5x100_minQ2=1000_beamEffects_xAngle=-0.025_hiDiv_vtxfix_4_025.hepmc.gz,10000,120
EVGEN/DIS/NC/5x100/minQ2=1000/pythia8NCDIS_5x100_minQ2=1000_beamEffects_xAngle=-0.025_hiDiv_vtxfix_4_026.hepmc.gz,10000,120
EVGEN/DIS/NC/5x100/minQ2=1000/pythia8NCDIS_5x100_minQ2=1000_beamEffects_xAngle=-0.025_hiDiv_vtxfix_4_027.hepmc.gz,10000,120
EVGEN/DIS/NC/5x100/minQ2=1000/pythia8NCDIS_5x100_minQ2=1000_beamEffects_xAngle=-0.025_hiDiv_vtxfix_4_028.hepmc.gz,10000,120
EVGEN/DIS/NC/5x100/minQ2=1000/pythia8NCDIS_5x100_minQ2=1000_beamEffects_xAngle=-0.025_hiDiv_vtxfix_4_029.hepmc.gz,10000,120
EVGEN/DIS/NC/5x100/minQ2=1000/pythia8NCDIS_5x100_minQ2=1000_beamEffects_xAngle=-0.025_hiDiv_vtxfix_4_030.hepmc.gz,10000,120
EVGEN/DIS/NC/5x100/minQ2=1000/pythia8NCDIS_5x100_minQ2=1000_beamEffects_xAngle=-0.025_hiDiv_vtxfix_4_031.hepmc.gz,10000,120
EVGEN/DIS/NC/5x100/minQ2=1000/pythia8NCDIS_5x100_minQ2=1000_beamEffects_xAngle=-0.025_hiDiv_vtxfix_4_032.hepmc.gz,10000,120
EVGEN/DIS/NC/5x100/minQ2=1000/pythia8NCDIS_5x100_minQ2=1000_beamEffects_xAngle=-0.025_hiDiv_vtxfix_4_033.hepmc.gz,10000,120
EVGEN/DIS/NC/5x100/minQ2=1000/pythia8NCDIS_5x100_minQ2=1000_beamEffects_xAngle=-0.025_hiDiv_vtxfix_4_034.hepmc.gz,10000,120
EVGEN/DIS/NC/5x100/minQ2=1000/pythia8NCDIS_5x100_minQ2=1000_beamEffects_xAngle=-0.025_hiDiv_vtxfix_4_035.hepmc.gz,10000,120
EVGEN/DIS/NC/5x100/minQ2=1000/pythia8NCDIS_5x100_minQ2=1000_beamEffects_xAngle=-0.025_hiDiv_vtxfix_4_036.hepmc.gz,10000,120
EVGEN/DIS/NC/5x100/minQ2=1000/pythia8NCDIS_5x100_minQ2=1000_beamEffects_xAngle=-0.025_hiDiv_vtxfix_4_037.hepmc.gz,10000,120
EVGEN/DIS/NC/5x100/minQ2=1000/pythia8NCDIS_5x100_minQ2=1000_beamEffects_xAngle=-0.025_hiDiv_vtxfix_4_038.hepmc.gz,10000,120
EVGEN/DIS/NC/5x100/minQ2=1000/pythia8NCDIS_5x100_minQ2=1000_beamEffects_xAngle=-0.025_hiDiv_vtxfix_4_039.hepmc.gz,10000,120
EVGEN/DIS/NC/5x100/minQ2=1000/pythia8NCDIS_5x100_minQ2=1000_beamEffects_xAngle=-0.025_hiDiv_vtxfix_4_040.hepmc.gz,10000,120
EVGEN/DIS/NC/5x100/minQ2=1000/pythia8NCDIS_5x100_minQ2=1000_beamEffects_xAngle=-0.025_hiDiv_vtxfix_4_041.hepmc.gz,10000,120
EVGEN/DIS/NC/5x100/minQ2=1000/pythia8NCDIS_5x100_minQ2=1000_beamEffects_xAngle=-0.025_hiDiv_vtxfix_4_042.hepmc.gz,10000,120
EVGEN/DIS/NC/5x100/minQ2=1000/pythia8NCDIS_5x100_minQ2=1000_beamEffects_xAngle=-0.025_hiDiv_vtxfix_4_043.hepmc.gz,10000,120
EVGEN/DIS/NC/5x100/minQ2=1000/pythia8NCDIS_5x100_minQ2=1000_beamEffects_xAngle=-0.025_hiDiv_vtxfix_4_044.hepmc.gz,10000,120
EVGEN/DIS/NC/5x100/minQ2=1000/pythia8NCDIS_5x100_minQ2=1000_beamEffects_xAngle=-0.025_hiDiv_vtxfix_4_045.hepmc.gz,10000,120
EVGEN/DIS/NC/5x100/minQ2=1000/pythia8NCDIS_5x100_minQ2=1000_beamEffects_xAngle=-0.025_hiDiv_vtxfix_4_046.hepmc.gz,10000,120
EVGEN/DIS/NC/5x100/minQ2=1000/pythia8NCDIS_5x100_minQ2=1000_beamEffects_xAngle=-0.025_hiDiv_vtxfix_4_047.hepmc.gz,10000,120
EVGEN/DIS/NC/5x100/minQ2=1000/pythia8NCDIS_5x100_minQ2=1000_beamEffects_xAngle=-0.025_hiDiv_vtxfix_4_048.hepmc.gz,10000,120
EVGEN/DIS/NC/5x100/minQ2=1000/pythia8NCDIS_5x100_minQ2=1000_beamEffects_xAngle=-0.025_hiDiv_vtxfix_4_049.hepmc.gz,10000,120
EVGEN/DIS/NC/5x100/minQ2=1000/pythia8NCDIS_5x100_minQ2=1000_beamEffects_xAngle=-0.025_hiDiv_vtxfix_4_050.hepmc.gz,10000,120
EVGEN/DIS/NC/5x100/minQ2=1000/pythia8NCDIS_5x100_minQ2=1000_beamEffects_xAngle=-0.025_hiDiv_vtxfix_4_051.hepmc.gz,10000,120
EVGEN/DIS/NC/5x100/minQ2=1000/pythia8NCDIS_5x100_minQ2=1000_beamEffects_xAngle=-0.025_hiDiv_vtxfix_4_052.hepmc.gz,10000,120
EVGEN/DIS/NC/5x100/minQ2=1000/pythia8NCDIS_5x100_minQ2=1000_beamEffects_xAngle=-0.025_hiDiv_vtxfix_4_053.hepmc.gz,10000,120
EVGEN/DIS/NC/5x100/minQ2=1000/pythia8NCDIS_5x100_minQ2=1000_beamEffects_xAngle=-0.025_hiDiv_vtxfix_4_054.hepmc.gz,10000,120
EVGEN/DIS/NC/5x100/minQ2=1000/pythia8NCDIS_5x100_minQ2=1000_beamEffects_xAngle=-0.025_hiDiv_vtxfix_4_055.hepmc.gz,10000,120
EVGEN/DIS/NC/5x100/minQ2=1000/pythia8NCDIS_5x100_minQ2=1000_beamEffects_xAngle=-0.025_hiDiv_vtxfix_4_056.hepmc.gz,10000,120
EVGEN/DIS/NC/5x100/minQ2=1000/pythia8NCDIS_5x100_minQ2=1000_beamEffects_xAngle=-0.025_hiDiv_vtxfix_4_057.hepmc.gz,10000,120
EVGEN/DIS/NC/5x100/minQ2=1000/pythia8NCDIS_5x100_minQ2=1000_beamEffects_xAngle=-0.025_hiDiv_vtxfix_4_058.hepmc.gz,10000,120
EVGEN/DIS/NC/5x100/minQ2=1000/pythia8NCDIS_5x100_minQ2=1000_beamEffects_xAngle=-0.025_hiDiv_vtxfix_4_059.hepmc.gz,10000,120
EVGEN/DIS/NC/5x100/minQ2=1000/pythia8NCDIS_5x100_minQ2=1000_beamEffects_xAngle=-0.025_hiDiv_vtxfix_4_060.hepmc.gz,10000,120
EVGEN/DIS/NC/5x100/minQ2=1000/pythia8NCDIS_5x100_minQ2=1000_beamEffects_xAngle=-0.025_hiDiv_vtxfix_4_061.hepmc.gz,10000,120
EVGEN/DIS/NC/5x100/minQ2=1000/pythia8NCDIS_5x100_minQ2=1000_beamEffects_xAngle=-0.025_hiDiv_vtxfix_4_062.hepmc.gz,10000,120
EVGEN/DIS/NC/5x100/minQ2=1000/pythia8NCDIS_5x100_minQ2=1000_beamEffects_xAngle=-0.025_hiDiv_vtxfix_4_063.hepmc.gz,10000,120
EVGEN/DIS/NC/5x100/minQ2=1000/pythia8NCDIS_5x100_minQ2=1000_beamEffects_xAngle=-0.025_hiDiv_vtxfix_4_064.hepmc.gz,10000,120
EVGEN/DIS/NC/5x100/minQ2=1000/pythia8NCDIS_5x100_minQ2=1000_beamEffects_xAngle=-0.025_hiDiv_vtxfix_4_065.hepmc.gz,10000,120
EVGEN/DIS/NC/5x100/minQ2=1000/pythia8NCDIS_5x100_minQ2=1000_beamEffects_xAngle=-0.025_hiDiv_vtxfix_4_066.hepmc.gz,10000,120
EVGEN/DIS/NC/5x100/minQ2=1000/pythia8NCDIS_5x100_minQ2=1000_beamEffects_xAngle=-0.025_hiDiv_vtxfix_4_067.hepmc.gz,10000,120
EVGEN/DIS/NC/5x100/minQ2=1000/pythia8NCDIS_5x100_minQ2=1000_beamEffects_xAngle=-0.025_hiDiv_vtxfix_4_068.hepmc.gz,10000,120
EVGEN/DIS/NC/5x100/minQ2=1000/pythia8NCDIS_5x100_minQ2=1000_beamEffects_xAngle=-0.025_hiDiv_vtxfix_4_069.hepmc.gz,10000,120
EVGEN/DIS/NC/5x100/minQ2=1000/pythia8NCDIS_5x100_minQ2=1000_beamEffects_xAngle=-0.025_hiDiv_vtxfix_4_070.hepmc.gz,10000,120
EVGEN/DIS/NC/5x100/minQ2=1000/pythia8NCDIS_5x100_minQ2=1000_beamEffects_xAngle=-0.025_hiDiv_vtxfix_4_071.hepmc.gz,10000,120
EVGEN/DIS/NC/5x100/minQ2=1000/pythia8NCDIS_5x100_minQ2=1000_beamEffects_xAngle=-0.025_hiDiv_vtxfix_4_072.hepmc.gz,10000,120
EVGEN/DIS/NC/5x100/minQ2=1000/pythia8NCDIS_5x100_minQ2=1000_beamEffects_xAngle=-0.025_hiDiv_vtxfix_4_073.hepmc.gz,10000,120
EVGEN/DIS/NC/5x100/minQ2=1000/pythia8NCDIS_5x100_minQ2=1000_beamEffects_xAngle=-0.025_hiDiv_vtxfix_4_074.hepmc.gz,10000,120
EVGEN/DIS/NC/5x100/minQ2=1000/pythia8NCDIS_5x100_minQ2=1000_beamEffects_xAngle=-0.025_hiDiv_vtxfix_4_075.hepmc.gz,10000,120
EVGEN/DIS/NC/5x100/minQ2=1000/pythia8NCDIS_5x100_minQ2=1000_beamEffects_xAngle=-0.025_hiDiv_vtxfix_4_076.hepmc.gz,10000,120
EVGEN/DIS/NC/5x100/minQ2=1000/pythia8NCDIS_5x100_minQ2=1000_beamEffects_xAngle=-0.025_hiDiv_vtxfix_4_077.hepmc.gz,10000,120
EVGEN/DIS/NC/5x100/minQ2=1000/pythia8NCDIS_5x100_minQ2=1000_beamEffects_xAngle=-0.025_hiDiv_vtxfix_4_078.hepmc.gz,10000,120
EVGEN/DIS/NC/5x100/minQ2=1000/pythia8NCDIS_5x100_minQ2=1000_beamEffects_xAngle=-0.025_hiDiv_vtxfix_4_079.hepmc.gz,10000,120
EVGEN/DIS/NC/5x100/minQ2=1000/pythia8NCDIS_5x100_minQ2=1000_beamEffects_xAngle=-0.025_hiDiv_vtxfix_4_080.hepmc.gz,10000,120
EVGEN/DIS/NC/5x100/minQ2=1000/pythia8NCDIS_5x100_minQ2=1000_beamEffects_xAngle=-0.025_hiDiv_vtxfix_4_081.hepmc.gz,10000,120
EVGEN/DIS/NC/5x100/minQ2=1000/pythia8NCDIS_5x100_minQ2=1000_beamEffects_xAngle=-0.025_hiDiv_vtxfix_4_082.hepmc.gz,10000,120
EVGEN/DIS/NC/5x100/minQ2=1000/pythia8NCDIS_5x100_minQ2=1000_beamEffects_xAngle=-0.025_hiDiv_vtxfix_4_083.hepmc.gz,10000,120
EVGEN/DIS/NC/5x100/minQ2=1000/pythia8NCDIS_5x100_minQ2=1000_beamEffects_xAngle=-0.025_hiDiv_vtxfix_4_084.hepmc.gz,10000,120
EVGEN/DIS/NC/5x100/minQ2=1000/pythia8NCDIS_5x100_minQ2=1000_beamEffects_xAngle=-0.025_hiDiv_vtxfix_4_085.hepmc.gz,10000,120
EVGEN/DIS/NC/5x100/minQ2=1000/pythia8NCDIS_5x100_minQ2=1000_beamEffects_xAngle=-0.025_hiDiv_vtxfix_4_086.hepmc.gz,10000,120
EVGEN/DIS/NC/5x100/minQ2=1000/pythia8NCDIS_5x100_minQ2=1000_beamEffects_xAngle=-0.025_hiDiv_vtxfix_4_087.hepmc.gz,10000,120
EVGEN/DIS/NC/5x100/minQ2=1000/pythia8NCDIS_5x100_minQ2=1000_beamEffects_xAngle=-0.025_hiDiv_vtxfix_4_088.hepmc.gz,10000,120
EVGEN/DIS/NC/5x100/minQ2=1000/pythia8NCDIS_5x100_minQ2=1000_beamEffects_xAngle=-0.025_hiDiv_vtxfix_4_089.hepmc.gz,10000,120
EVGEN/DIS/NC/5x100/minQ2=1000/pythia8NCDIS_5x100_minQ2=1000_beamEffects_xAngle=-0.025_hiDiv_vtxfix_4_090.hepmc.gz,10000,120
EVGEN/DIS/NC/5x100/minQ2=1000/pythia8NCDIS_5x100_minQ2=1000_beamEffects_xAngle=-0.025_hiDiv_vtxfix_4_091.hepmc.gz,10000,120
EVGEN/DIS/NC/5x100/minQ2=1000/pythia8NCDIS_5x100_minQ2=1000_beamEffects_xAngle=-0.025_hiDiv_vtxfix_4_092.hepmc.gz,10000,120
EVGEN/DIS/NC/5x100/minQ2=1000/pythia8NCDIS_5x100_minQ2=1000_beamEffects_xAngle=-0.025_hiDiv_vtxfix_4_093.hepmc.gz,10000,120
EVGEN/DIS/NC/5x100/minQ2=1000/pythia8NCDIS_5x100_minQ2=1000_beamEffects_xAngle=-0.025_hiDiv_vtxfix_4_094.hepmc.gz,10000,120
EVGEN/DIS/NC/5x100/minQ2=1000/pythia8NCDIS_5x100_minQ2=1000_beamEffects_xAngle=-0.025_hiDiv_vtxfix_4_095.hepmc.gz,10000,120
EVGEN/DIS/NC/5x100/minQ2=1000/pythia8NCDIS_5x100_minQ2=1000_beamEffects_xAngle=-0.025_hiDiv_vtxfix_4_096.hepmc.gz,10000,120
EVGEN/DIS/NC/5x100/minQ2=1000/pythia8NCDIS_5x100_minQ2=1000_beamEffects_xAngle=-0.025_hiDiv_vtxfix_4_097.hepmc.gz,10000,120
EVGEN/DIS/NC/5x100/minQ2=1000/pythia8NCDIS_5x100_minQ2=1000_beamEffects_xAngle=-0.025_hiDiv_vtxfix_4_098.hepmc.gz,10000,120
EVGEN/DIS/NC/5x100/minQ2=1000/pythia8NCDIS_5x100_minQ2=1000_beamEffects_xAngle=-0.025_hiDiv_vtxfix_4_099.hepmc.gz,10000,120
EVGEN/DIS/NC/5x100/minQ2=1000/pythia8NCDIS_5x100_minQ2=1000_beamEffects_xAngle=-0.025_hiDiv_vtxfix_5_000.hepmc.gz,10000,120
EVGEN/DIS/NC/5x100/minQ2=1000/pythia8NCDIS_5x100_minQ2=1000_beamEffects_xAngle=-0.025_hiDiv_vtxfix_5_001.hepmc.gz,10000,120
EVGEN/DIS/NC/5x100/minQ2=1000/pythia8NCDIS_5x100_minQ2=1000_beamEffects_xAngle=-0.025_hiDiv_vtxfix_5_002.hepmc.gz,10000,120
EVGEN/DIS/NC/5x100/minQ2=1000/pythia8NCDIS_5x100_minQ2=1000_beamEffects_xAngle=-0.025_hiDiv_vtxfix_5_003.hepmc.gz,10000,120
EVGEN/DIS/NC/5x100/minQ2=1000/pythia8NCDIS_5x100_minQ2=1000_beamEffects_xAngle=-0.025_hiDiv_vtxfix_5_004.hepmc.gz,10000,120
EVGEN/DIS/NC/5x100/minQ2=1000/pythia8NCDIS_5x100_minQ2=1000_beamEffects_xAngle=-0.025_hiDiv_vtxfix_5_005.hepmc.gz,10000,120
EVGEN/DIS/NC/5x100/minQ2=1000/pythia8NCDIS_5x100_minQ2=1000_beamEffects_xAngle=-0.025_hiDiv_vtxfix_5_006.hepmc.gz,10000,120
EVGEN/DIS/NC/5x100/minQ2=1000/pythia8NCDIS_5x100_minQ2=1000_beamEffects_xAngle=-0.025_hiDiv_vtxfix_5_007.hepmc.gz,10000,120
EVGEN/DIS/NC/5x100/minQ2=1000/pythia8NCDIS_5x100_minQ2=1000_beamEffects_xAngle=-0.025_hiDiv_vtxfix_5_008.hepmc.gz,10000,120
EVGEN/DIS/NC/5x100/minQ2=1000/pythia8NCDIS_5x100_minQ2=1000_beamEffects_xAngle=-0.025_hiDiv_vtxfix_5_009.hepmc.gz,10000,120
EVGEN/DIS/NC/5x100/minQ2=1000/pythia8NCDIS_5x100_minQ2=1000_beamEffects_xAngle=-0.025_hiDiv_vtxfix_5_010.hepmc.gz,10000,120
EVGEN/DIS/NC/5x100/minQ2=1000/pythia8NCDIS_5x100_minQ2=1000_beamEffects_xAngle=-0.025_hiDiv_vtxfix_5_011.hepmc.gz,10000,120
EVGEN/DIS/NC/5x100/minQ2=1000/pythia8NCDIS_5x100_minQ2=1000_beamEffects_xAngle=-0.025_hiDiv_vtxfix_5_012.hepmc.gz,10000,120
EVGEN/DIS/NC/5x100/minQ2=1000/pythia8NCDIS_5x100_minQ2=1000_beamEffects_xAngle=-0.025_hiDiv_vtxfix_5_013.hepmc.gz,10000,120
EVGEN/DIS/NC/5x100/minQ2=1000/pythia8NCDIS_5x100_minQ2=1000_beamEffects_xAngle=-0.025_hiDiv_vtxfix_5_014.hepmc.gz,10000,120
EVGEN/DIS/NC/5x100/minQ2=1000/pythia8NCDIS_5x100_minQ2=1000_beamEffects_xAngle=-0.025_hiDiv_vtxfix_5_015.hepmc.gz,10000,120
EVGEN/DIS/NC/5x100/minQ2=1000/pythia8NCDIS_5x100_minQ2=1000_beamEffects_xAngle=-0.025_hiDiv_vtxfix_5_016.hepmc.gz,10000,120
EVGEN/DIS/NC/5x100/minQ2=1000/pythia8NCDIS_5x100_minQ2=1000_beamEffects_xAngle=-0.025_hiDiv_vtxfix_5_017.hepmc.gz,10000,120
EVGEN/DIS/NC/5x100/minQ2=1000/pythia8NCDIS_5x100_minQ2=1000_beamEffects_xAngle=-0.025_hiDiv_vtxfix_5_018.hepmc.gz,10000,120
EVGEN/DIS/NC/5x100/minQ2=1000/pythia8NCDIS_5x100_minQ2=1000_beamEffects_xAngle=-0.025_hiDiv_vtxfix_5_019.hepmc.gz,10000,120
EVGEN/DIS/NC/5x100/minQ2=1000/pythia8NCDIS_5x100_minQ2=1000_beamEffects_xAngle=-0.025_hiDiv_vtxfix_5_020.hepmc.gz,10000,120
EVGEN/DIS/NC/5x100/minQ2=1000/pythia8NCDIS_5x100_minQ2=1000_beamEffects_xAngle=-0.025_hiDiv_vtxfix_5_021.hepmc.gz,10000,120
EVGEN/DIS/NC/5x100/minQ2=1000/pythia8NCDIS_5x100_minQ2=1000_beamEffects_xAngle=-0.025_hiDiv_vtxfix_5_022.hepmc.gz,10000,120
EVGEN/DIS/NC/5x100/minQ2=1000/pythia8NCDIS_5x100_minQ2=1000_beamEffects_xAngle=-0.025_hiDiv_vtxfix_5_023.hepmc.gz,10000,120
EVGEN/DIS/NC/5x100/minQ2=1000/pythia8NCDIS_5x100_minQ2=1000_beamEffects_xAngle=-0.025_hiDiv_vtxfix_5_024.hepmc.gz,10000,120
EVGEN/DIS/NC/5x100/minQ2=1000/pythia8NCDIS_5x100_minQ2=1000_beamEffects_xAngle=-0.025_hiDiv_vtxfix_5_025.hepmc.gz,10000,120
EVGEN/DIS/NC/5x100/minQ2=1000/pythia8NCDIS_5x100_minQ2=1000_beamEffects_xAngle=-0.025_hiDiv_vtxfix_5_026.hepmc.gz,10000,120
EVGEN/DIS/NC/5x100/minQ2=1000/pythia8NCDIS_5x100_minQ2=1000_beamEffects_xAngle=-0.025_hiDiv_vtxfix_5_027.hepmc.gz,10000,120
EVGEN/DIS/NC/5x100/minQ2=1000/pythia8NCDIS_5x100_minQ2=1000_beamEffects_xAngle=-0.025_hiDiv_vtxfix_5_028.hepmc.gz,10000,120
EVGEN/DIS/NC/5x100/minQ2=1000/pythia8NCDIS_5x100_minQ2=1000_beamEffects_xAngle=-0.025_hiDiv_vtxfix_5_029.hepmc.gz,10000,120
EVGEN/DIS/NC/5x100/minQ2=1000/pythia8NCDIS_5x100_minQ2=1000_beamEffects_xAngle=-0.025_hiDiv_vtxfix_5_030.hepmc.gz,10000,120
EVGEN/DIS/NC/5x100/minQ2=1000/pythia8NCDIS_5x100_minQ2=1000_beamEffects_xAngle=-0.025_hiDiv_vtxfix_5_031.hepmc.gz,10000,120
EVGEN/DIS/NC/5x100/minQ2=1000/pythia8NCDIS_5x100_minQ2=1000_beamEffects_xAngle=-0.025_hiDiv_vtxfix_5_032.hepmc.gz,10000,120
EVGEN/DIS/NC/5x100/minQ2=1000/pythia8NCDIS_5x100_minQ2=1000_beamEffects_xAngle=-0.025_hiDiv_vtxfix_5_033.hepmc.gz,10000,120
EVGEN/DIS/NC/5x100/minQ2=1000/pythia8NCDIS_5x100_minQ2=1000_beamEffects_xAngle=-0.025_hiDiv_vtxfix_5_034.hepmc.gz,10000,120
EVGEN/DIS/NC/5x100/minQ2=1000/pythia8NCDIS_5x100_minQ2=1000_beamEffects_xAngle=-0.025_hiDiv_vtxfix_5_035.hepmc.gz,10000,120
EVGEN/DIS/NC/5x100/minQ2=1000/pythia8NCDIS_5x100_minQ2=1000_beamEffects_xAngle=-0.025_hiDiv_vtxfix_5_036.hepmc.gz,10000,120
EVGEN/DIS/NC/5x100/minQ2=1000/pythia8NCDIS_5x100_minQ2=1000_beamEffects_xAngle=-0.025_hiDiv_vtxfix_5_037.hepmc.gz,10000,120
EVGEN/DIS/NC/5x100/minQ2=1000/pythia8NCDIS_5x100_minQ2=1000_beamEffects_xAngle=-0.025_hiDiv_vtxfix_5_038.hepmc.gz,10000,120
EVGEN/DIS/NC/5x100/minQ2=1000/pythia8NCDIS_5x100_minQ2=1000_beamEffects_xAngle=-0.025_hiDiv_vtxfix_5_039.hepmc.gz,10000,120
EVGEN/DIS/NC/5x100/minQ2=1000/pythia8NCDIS_5x100_minQ2=1000_beamEffects_xAngle=-0.025_hiDiv_vtxfix_5_040.hepmc.gz,10000,120
EVGEN/DIS/NC/5x100/minQ2=1000/pythia8NCDIS_5x100_minQ2=1000_beamEffects_xAngle=-0.025_hiDiv_vtxfix_5_041.hepmc.gz,10000,120
EVGEN/DIS/NC/5x100/minQ2=1000/pythia8NCDIS_5x100_minQ2=1000_beamEffects_xAngle=-0.025_hiDiv_vtxfix_5_042.hepmc.gz,10000,120
EVGEN/DIS/NC/5x100/minQ2=1000/pythia8NCDIS_5x100_minQ2=1000_beamEffects_xAngle=-0.025_hiDiv_vtxfix_5_043.hepmc.gz,10000,120
EVGEN/DIS/NC/5x100/minQ2=1000/pythia8NCDIS_5x100_minQ2=1000_beamEffects_xAngle=-0.025_hiDiv_vtxfix_5_044.hepmc.gz,10000,120
EVGEN/DIS/NC/5x100/minQ2=1000/pythia8NCDIS_5x100_minQ2=1000_beamEffects_xAngle=-0.025_hiDiv_vtxfix_5_045.hepmc.gz,10000,120
EVGEN/DIS/NC/5x100/minQ2=1000/pythia8NCDIS_5x100_minQ2=1000_beamEffects_xAngle=-0.025_hiDiv_vtxfix_5_046.hepmc.gz,10000,120
EVGEN/DIS/NC/5x100/minQ2=1000/pythia8NCDIS_5x100_minQ2=1000_beamEffects_xAngle=-0.025_hiDiv_vtxfix_5_047.hepmc.gz,10000,120
EVGEN/DIS/NC/5x100/minQ2=1000/pythia8NCDIS_5x100_minQ2=1000_beamEffects_xAngle=-0.025_hiDiv_vtxfix_5_048.hepmc.gz,10000,120
EVGEN/DIS/NC/5x100/minQ2=1000/pythia8NCDIS_5x100_minQ2=1000_beamEffects_xAngle=-0.025_hiDiv_vtxfix_5_049.hepmc.gz,10000,120
EVGEN/DIS/NC/5x100/minQ2=1000/pythia8NCDIS_5x100_minQ2=1000_beamEffects_xAngle=-0.025_hiDiv_vtxfix_5_050.hepmc.gz,10000,120
EVGEN/DIS/NC/5x100/minQ2=1000/pythia8NCDIS_5x100_minQ2=1000_beamEffects_xAngle=-0.025_hiDiv_vtxfix_5_051.hepmc.gz,10000,120
EVGEN/DIS/NC/5x100/minQ2=1000/pythia8NCDIS_5x100_minQ2=1000_beamEffects_xAngle=-0.025_hiDiv_vtxfix_5_052.hepmc.gz,10000,120
EVGEN/DIS/NC/5x100/minQ2=1000/pythia8NCDIS_5x100_minQ2=1000_beamEffects_xAngle=-0.025_hiDiv_vtxfix_5_053.hepmc.gz,10000,120
EVGEN/DIS/NC/5x100/minQ2=1000/pythia8NCDIS_5x100_minQ2=1000_beamEffects_xAngle=-0.025_hiDiv_vtxfix_5_054.hepmc.gz,10000,120
EVGEN/DIS/NC/5x100/minQ2=1000/pythia8NCDIS_5x100_minQ2=1000_beamEffects_xAngle=-0.025_hiDiv_vtxfix_5_055.hepmc.gz,10000,120
EVGEN/DIS/NC/5x100/minQ2=1000/pythia8NCDIS_5x100_minQ2=1000_beamEffects_xAngle=-0.025_hiDiv_vtxfix_5_056.hepmc.gz,10000,120
EVGEN/DIS/NC/5x100/minQ2=1000/pythia8NCDIS_5x100_minQ2=1000_beamEffects_xAngle=-0.025_hiDiv_vtxfix_5_057.hepmc.gz,10000,120
EVGEN/DIS/NC/5x100/minQ2=1000/pythia8NCDIS_5x100_minQ2=1000_beamEffects_xAngle=-0.025_hiDiv_vtxfix_5_058.hepmc.gz,10000,120
EVGEN/DIS/NC/5x100/minQ2=1000/pythia8NCDIS_5x100_minQ2=1000_beamEffects_xAngle=-0.025_hiDiv_vtxfix_5_059.hepmc.gz,10000,120
EVGEN/DIS/NC/5x100/minQ2=1000/pythia8NCDIS_5x100_minQ2=1000_beamEffects_xAngle=-0.025_hiDiv_vtxfix_5_060.hepmc.gz,10000,120
EVGEN/DIS/NC/5x100/minQ2=1000/pythia8NCDIS_5x100_minQ2=1000_beamEffects_xAngle=-0.025_hiDiv_vtxfix_5_061.hepmc.gz,10000,120
EVGEN/DIS/NC/5x100/minQ2=1000/pythia8NCDIS_5x100_minQ2=1000_beamEffects_xAngle=-0.025_hiDiv_vtxfix_5_062.hepmc.gz,10000,120
EVGEN/DIS/NC/5x100/minQ2=1000/pythia8NCDIS_5x100_minQ2=1000_beamEffects_xAngle=-0.025_hiDiv_vtxfix_5_063.hepmc.gz,10000,120
EVGEN/DIS/NC/5x100/minQ2=1000/pythia8NCDIS_5x100_minQ2=1000_beamEffects_xAngle=-0.025_hiDiv_vtxfix_5_064.hepmc.gz,10000,120
EVGEN/DIS/NC/5x100/minQ2=1000/pythia8NCDIS_5x100_minQ2=1000_beamEffects_xAngle=-0.025_hiDiv_vtxfix_5_065.hepmc.gz,10000,120
EVGEN/DIS/NC/5x100/minQ2=1000/pythia8NCDIS_5x100_minQ2=1000_beamEffects_xAngle=-0.025_hiDiv_vtxfix_5_066.hepmc.gz,10000,120
EVGEN/DIS/NC/5x100/minQ2=1000/pythia8NCDIS_5x100_minQ2=1000_beamEffects_xAngle=-0.025_hiDiv_vtxfix_5_067.hepmc.gz,10000,120
EVGEN/DIS/NC/5x100/minQ2=1000/pythia8NCDIS_5x100_minQ2=1000_beamEffects_xAngle=-0.025_hiDiv_vtxfix_5_068.hepmc.gz,10000,120
EVGEN/DIS/NC/5x100/minQ2=1000/pythia8NCDIS_5x100_minQ2=1000_beamEffects_xAngle=-0.025_hiDiv_vtxfix_5_069.hepmc.gz,10000,120
EVGEN/DIS/NC/5x100/minQ2=1000/pythia8NCDIS_5x100_minQ2=1000_beamEffects_xAngle=-0.025_hiDiv_vtxfix_5_070.hepmc.gz,10000,120
EVGEN/DIS/NC/5x100/minQ2=1000/pythia8NCDIS_5x100_minQ2=1000_beamEffects_xAngle=-0.025_hiDiv_vtxfix_5_071.hepmc.gz,10000,120
EVGEN/DIS/NC/5x100/minQ2=1000/pythia8NCDIS_5x100_minQ2=1000_beamEffects_xAngle=-0.025_hiDiv_vtxfix_5_072.hepmc.gz,10000,120
EVGEN/DIS/NC/5x100/minQ2=1000/pythia8NCDIS_5x100_minQ2=1000_beamEffects_xAngle=-0.025_hiDiv_vtxfix_5_073.hepmc.gz,10000,120
EVGEN/DIS/NC/5x100/minQ2=1000/pythia8NCDIS_5x100_minQ2=1000_beamEffects_xAngle=-0.025_hiDiv_vtxfix_5_074.hepmc.gz,10000,120
EVGEN/DIS/NC/5x100/minQ2=1000/pythia8NCDIS_5x100_minQ2=1000_beamEffects_xAngle=-0.025_hiDiv_vtxfix_5_075.hepmc.gz,10000,120
EVGEN/DIS/NC/5x100/minQ2=1000/pythia8NCDIS_5x100_minQ2=1000_beamEffects_xAngle=-0.025_hiDiv_vtxfix_5_076.hepmc.gz,10000,120
EVGEN/DIS/NC/5x100/minQ2=1000/pythia8NCDIS_5x100_minQ2=1000_beamEffects_xAngle=-0.025_hiDiv_vtxfix_5_077.hepmc.gz,10000,120
EVGEN/DIS/NC/5x100/minQ2=1000/pythia8NCDIS_5x100_minQ2=1000_beamEffects_xAngle=-0.025_hiDiv_vtxfix_5_078.hepmc.gz,10000,120
EVGEN/DIS/NC/5x100/minQ2=1000/pythia8NCDIS_5x100_minQ2=1000_beamEffects_xAngle=-0.025_hiDiv_vtxfix_5_079.hepmc.gz,10000,120
EVGEN/DIS/NC/5x100/minQ2=1000/pythia8NCDIS_5x100_minQ2=1000_beamEffects_xAngle=-0.025_hiDiv_vtxfix_5_080.hepmc.gz,10000,120
EVGEN/DIS/NC/5x100/minQ2=1000/pythia8NCDIS_5x100_minQ2=1000_beamEffects_xAngle=-0.025_hiDiv_vtxfix_5_081.hepmc.gz,10000,120
EVGEN/DIS/NC/5x100/minQ2=1000/pythia8NCDIS_5x100_minQ2=1000_beamEffects_xAngle=-0.025_hiDiv_vtxfix_5_082.hepmc.gz,10000,120
EVGEN/DIS/NC/5x100/minQ2=1000/pythia8NCDIS_5x100_minQ2=1000_beamEffects_xAngle=-0.025_hiDiv_vtxfix_5_083.hepmc.gz,10000,120
EVGEN/DIS/NC/5x100/minQ2=1000/pythia8NCDIS_5x100_minQ2=1000_beamEffects_xAngle=-0.025_hiDiv_vtxfix_5_084.hepmc.gz,10000,120
EVGEN/DIS/NC/5x100/minQ2=1000/pythia8NCDIS_5x100_minQ2=1000_beamEffects_xAngle=-0.025_hiDiv_vtxfix_5_085.hepmc.gz,10000,120
EVGEN/DIS/NC/5x100/minQ2=1000/pythia8NCDIS_5x100_minQ2=1000_beamEffects_xAngle=-0.025_hiDiv_vtxfix_5_086.hepmc.gz,10000,120
EVGEN/DIS/NC/5x100/minQ2=1000/pythia8NCDIS_5x100_minQ2=1000_beamEffects_xAngle=-0.025_hiDiv_vtxfix_5_087.hepmc.gz,10000,120
EVGEN/DIS/NC/5x100/minQ2=1000/pythia8NCDIS_5x100_minQ2=1000_beamEffects_xAngle=-0.025_hiDiv_vtxfix_5_088.hepmc.gz,10000,120
EVGEN/DIS/NC/5x100/minQ2=1000/pythia8NCDIS_5x100_minQ2=1000_beamEffects_xAngle=-0.025_hiDiv_vtxfix_5_089.hepmc.gz,10000,120
EVGEN/DIS/NC/5x100/minQ2=1000/pythia8NCDIS_5x100_minQ2=1000_beamEffects_xAngle=-0.025_hiDiv_vtxfix_5_090.hepmc.gz,10000,120
EVGEN/DIS/NC/5x100/minQ2=1000/pythia8NCDIS_5x100_minQ2=1000_beamEffects_xAngle=-0.025_hiDiv_vtxfix_5_091.hepmc.gz,10000,120
EVGEN/DIS/NC/5x100/minQ2=1000/pythia8NCDIS_5x100_minQ2=1000_beamEffects_xAngle=-0.025_hiDiv_vtxfix_5_092.hepmc.gz,10000,120
EVGEN/DIS/NC/5x100/minQ2=1000/pythia8NCDIS_5x100_minQ2=1000_beamEffects_xAngle=-0.025_hiDiv_vtxfix_5_093.hepmc.gz,10000,120
EVGEN/DIS/NC/5x100/minQ2=1000/pythia8NCDIS_5x100_minQ2=1000_beamEffects_xAngle=-0.025_hiDiv_vtxfix_5_094.hepmc.gz,10000,120
EVGEN/DIS/NC/5x100/minQ2=1000/pythia8NCDIS_5x100_minQ2=1000_beamEffects_xAngle=-0.025_hiDiv_vtxfix_5_095.hepmc.gz,10000,120
EVGEN/DIS/NC/5x100/minQ2=1000/pythia8NCDIS_5x100_minQ2=1000_beamEffects_xAngle=-0.025_hiDiv_vtxfix_5_096.hepmc.gz,10000,120
EVGEN/DIS/NC/5x100/minQ2=1000/pythia8NCDIS_5x100_minQ2=1000_beamEffects_xAngle=-0.025_hiDiv_vtxfix_5_097.hepmc.gz,10000,120
EVGEN/DIS/NC/5x100/minQ2=1000/pythia8NCDIS_5x100_minQ2=1000_beamEffects_xAngle=-0.025_hiDiv_vtxfix_5_098.hepmc.gz,10000,120
EVGEN/DIS/NC/5x100/minQ2=1000/pythia8NCDIS_5x100_minQ2=1000_beamEffects_xAngle=-0.025_hiDiv_vtxfix_5_099.hepmc.gz,10000,120
