SINGLE/pi0/260MeV/abs_eta_lt_1/pi0_260MeV_abs_eta_lt_1,steer,1000000,0
SINGLE/pi0/310MeV/abs_eta_lt_1/pi0_310MeV_abs_eta_lt_1,steer,1000000,0
SINGLE/pi0/390MeV/abs_eta_lt_1/pi0_390MeV_abs_eta_lt_1,steer,1000000,0
SINGLE/pi0/480MeV/abs_eta_lt_1/pi0_480MeV_abs_eta_lt_1,steer,1000000,0
SINGLE/pi0/580MeV/abs_eta_lt_1/pi0_580MeV_abs_eta_lt_1,steer,1000000,0
SINGLE/pi0/720MeV/abs_eta_lt_1/pi0_720MeV_abs_eta_lt_1,steer,1000000,0
SINGLE/pi0/890MeV/abs_eta_lt_1/pi0_890MeV_abs_eta_lt_1,steer,1000000,0
SINGLE/pi0/1090MeV/abs_eta_lt_1/pi0_1090MeV_abs_eta_lt_1,steer,1000000,0
SINGLE/pi0/1340MeV/abs_eta_lt_1/pi0_1340MeV_abs_eta_lt_1,steer,1000000,0
SINGLE/pi0/1650MeV/abs_eta_lt_1/pi0_1650MeV_abs_eta_lt_1,steer,1000000,0
SINGLE/pi0/2030MeV/abs_eta_lt_1/pi0_2030MeV_abs_eta_lt_1,steer,1000000,0
SINGLE/pi0/2490MeV/abs_eta_lt_1/pi0_2490MeV_abs_eta_lt_1,steer,1000000,0
SINGLE/pi0/3070MeV/abs_eta_lt_1/pi0_3070MeV_abs_eta_lt_1,steer,1000000,0
SINGLE/pi0/3770MeV/abs_eta_lt_1/pi0_3770MeV_abs_eta_lt_1,steer,1000000,0
SINGLE/pi0/4640MeV/abs_eta_lt_1/pi0_4640MeV_abs_eta_lt_1,steer,1000000,0
SINGLE/pi0/5710MeV/abs_eta_lt_1/pi0_5710MeV_abs_eta_lt_1,steer,1000000,0
SINGLE/pi0/7020MeV/abs_eta_lt_1/pi0_7020MeV_abs_eta_lt_1,steer,1000000,0
SINGLE/pi0/8640MeV/abs_eta_lt_1/pi0_8640MeV_abs_eta_lt_1,steer,1000000,0
